股票,引擎,進場日期,進場價格,出場日期,出場價格,日曆天數,收益率%,收益金額,出場原因,投入資金,version,config,price,entry_date,stock,engine,fled_pct,r400_chg,ma20,ma20_gap,big_holder_chg,pnl,ret,price_tier,days_bucket
2066,backup_v4,20230308,90.0,20230316,83.5,8,-7.66%,"NT$-12,773",停損,"NT$166,647",v4,6週+3個持倉_2023年,90.0,20230308,2066,backup_v4,-7.217847769028872,0.0,86.385,4.184754297621109,0.0,-12773.0,-7.66,50-100,7-14日
6472,main,20230222,493.0,20230405,740.0,42,+49.66%,"NT$+82,621",到期,"NT$166,378",v4,6週+3個持倉_2023年,493.0,20230222,6472,main,0.0,0.0,0.0,0.0,0.0,82621.0,49.66,300-500,30-42日
2474,backup_v4,20230308,187.5,20230419,182.5,42,-3.11%,"NT$-5,178",到期,"NT$166,549",v4,6週+3個持倉_2023年,187.5,20230308,2474,backup_v4,-5.166232073011734,0.0,187.8,-0.15974440894569295,0.0,-5178.0,-3.11,100-200,30-42日
4763,main,20230419,480.0,20230421,435.0,2,-9.82%,"NT$-16,328",停損,"NT$166,317",v4,6週+3個持倉_2023年,480.0,20230419,4763,main,0.0,0.0,0.0,0.0,0.0,-16328.0,-9.82,300-500,<7日
3675,main,20230412,299.5,20230524,348.0,42,+15.75%,"NT$+26,219",到期,"NT$166,459",v4,6週+3個持倉_2023年,299.5,20230412,3675,main,0.0,0.0,0.0,0.0,0.0,26219.0,15.75,200-300,30-42日
2207,backup_v4,20230426,660.0,20230607,861.0,42,+30.01%,"NT$+49,987",到期,"NT$166,557",v4,6週+3個持倉_2023年,660.0,20230426,2207,backup_v4,-7.657127923690056,0.0,644.85,2.3493835775761767,0.0,49987.0,30.01,500+,30-42日
3044,backup_v4,20230426,113.5,20230607,127.0,42,+11.45%,"NT$+19,082",到期,"NT$166,628",v4,6週+3個持倉_2023年,113.5,20230426,3044,backup_v4,-5.176528177201249,0.0,114.1,-0.52585451358457,0.0,19082.0,11.45,100-200,30-42日
1795,main,20230524,334.5,20230608,311.0,15,-7.47%,"NT$-12,433",停損,"NT$166,483",v4,6週+3個持倉_2023年,334.5,20230524,1795,main,0.0,0.0,0.0,0.0,0.0,-12433.0,-7.47,300-500,14-30日
1580,backup_v4,20230607,134.5,20230609,124.5,2,-7.88%,"NT$-13,125",停損,"NT$166,614",v4,6週+3個持倉_2023年,134.5,20230607,1580,backup_v4,-5.374177079134757,0.0,129.225,4.082027471464505,0.0,-13125.0,-7.88,100-200,<7日
2743,backup_v4,20230607,160.5,20230712,136.5,35,-15.40%,"NT$-25,636",停損,"NT$166,515",v4,6週+3個持倉_2023年,160.5,20230607,2743,backup_v4,-38.82091212458287,0.0,117.565,36.52022285544167,0.0,-25636.0,-15.4,100-200,30-42日
2308,backup_v4,20230614,353.0,20230726,360.5,42,+1.68%,"NT$+2,801",到期,"NT$166,500",v4,6週+3個持倉_2023年,353.0,20230614,2308,backup_v4,-5.245006321112515,0.0,318.675,10.771161842002035,0.0,2801.0,1.68,300-500,30-42日
2330,backup_v4,20230614,590.0,20230726,566.0,42,-4.51%,"NT$-7,515",到期,"NT$166,617",v4,6週+3個持倉_2023年,590.0,20230614,2330,backup_v4,-8.138326349625567,0.0,556.3,6.0578824375337135,0.0,-7515.0,-4.51,500+,30-42日
4551,backup_v4,20230712,146.5,20230802,135.5,21,-7.95%,"NT$-13,251",停損,"NT$166,661",v4,6週+3個持倉_2023年,146.5,20230712,4551,backup_v4,-18.92456773703211,0.0,152.175,-3.729259076720888,0.0,-13251.0,-7.95,100-200,14-30日
2731,backup_v4,20230809,159.5,20230811,144.0,2,-10.16%,"NT$-16,927",停損,"NT$166,596",v4,6週+3個持倉_2023年,159.5,20230809,2731,backup_v4,-6.903467908902691,0.0,161.05,-0.9624340266997896,0.0,-16927.0,-10.16,100-200,<7日
3147,backup_v4,20230809,76.0,20230824,69.3,15,-9.26%,"NT$-15,424",停損,"NT$166,601",v4,6週+3個持倉_2023年,76.0,20230809,3147,backup_v4,-10.793082886106141,0.0,76.035,-0.04603143289274227,0.0,-15424.0,-9.26,50-100,14-30日
1210,backup_v4,20230809,55.4,20230920,54.2,42,-2.61%,"NT$-4,347",到期,"NT$166,659",v4,6週+3個持倉_2023年,55.4,20230809,1210,backup_v4,-5.06505001284821,0.0,57.505,-3.660551256412493,0.0,-4347.0,-2.61,50-100,30-42日
8081,backup_v4,20230816,226.5,20230927,265.0,42,+16.56%,"NT$+27,563",到期,"NT$166,488",v4,6週+3個持倉_2023年,226.5,20230816,8081,backup_v4,-5.36972352140193,0.0,213.0,6.338028169014084,0.0,27563.0,16.56,200-300,30-42日
1477,backup_v4,20230830,334.5,20231011,353.5,42,+5.24%,"NT$+8,720",到期,"NT$166,483",v4,6週+3個持倉_2023年,334.5,20230830,1477,backup_v4,-7.2157393314166525,0.0,314.2,6.460852959898158,0.0,8720.0,5.24,300-500,30-42日
3592,main,20230920,358.5,20231101,368.0,42,+2.21%,"NT$+3,677",到期,"NT$166,581",v4,6週+3個持倉_2023年,358.5,20230920,3592,main,0.0,0.0,0.0,0.0,0.0,3677.0,2.21,300-500,30-42日
6533,main,20231101,389.5,20231213,481.0,42,+23.05%,"NT$+38,389",到期,"NT$166,554",v4,6週+3個持倉_2023年,389.5,20231101,6533,main,0.0,0.0,0.0,0.0,0.0,38389.0,23.05,300-500,30-42日
2230,backup_v4,20231108,125.0,20231220,172.5,42,+37.56%,"NT$+62,575",到期,"NT$166,612",v4,6週+3個持倉_2023年,125.0,20231108,2230,backup_v4,-14.274570982839313,0.0,118.1,5.842506350550386,0.0,62575.0,37.56,100-200,30-42日
2347,backup_v4,20231108,68.8,20231220,68.6,42,-0.73%,"NT$-1,222",到期,"NT$166,664",v4,6週+3個持倉_2023年,68.8,20231108,2347,backup_v4,-5.911713618304151,0.0,67.85,1.4001473839351555,0.0,-1222.0,-0.73,50-100,30-42日
3443,main,20221207,742.0,20221228,636.0,21,-14.73%,"NT$-24,514",停損,"NT$166,445",v4,6週+3個持倉_全週期,742.0,20221207,3443,main,0.0,0.0,0.0,0.0,0.0,-24514.0,-14.73,500+,14-30日
6472,main,20221207,400.0,20230118,402.0,42,+0.06%,NT$+96,到期,"NT$166,637",v4,6週+3個持倉_全週期,400.0,20221207,6472,main,0.0,0.0,0.0,0.0,0.0,96.0,0.06,300-500,30-42日
1477,backup_v4,20221221,240.0,20230131,218.0,41,-9.61%,"NT$-16,005",停損,"NT$166,557",v4,6週+3個持倉_全週期,240.0,20221221,1477,backup_v4,-5.958419263140293,0.0,235.325,1.9866142568787895,0.0,-16005.0,-9.61,200-300,30-42日
2207,backup_v4,20230208,642.0,20230316,595.0,36,-7.76%,"NT$-12,927",停損,"NT$166,515",v4,6週+3個持倉_全週期,642.0,20230208,2207,backup_v4,-8.575096277278563,0.0,629.7,1.9533111005240518,0.0,-12927.0,-7.76,500+,30-42日
2230,backup_v4,20230208,53.5,20230322,79.0,42,+47.22%,"NT$+78,681",到期,"NT$166,622",v4,6週+3個持倉_全週期,53.5,20230208,2230,backup_v4,-15.753424657534246,0.0,43.9125,21.833191004839165,0.0,78681.0,47.22,50-100,30-42日
6719,main,20230322,332.0,20230328,307.5,6,-7.82%,"NT$-13,029",停損,"NT$166,569",v4,6週+3個持倉_全週期,332.0,20230322,6719,main,0.0,0.0,0.0,0.0,0.0,-13029.0,-7.82,300-500,<7日
3680,main,20230329,366.0,20230421,339.0,23,-7.82%,"NT$-13,012",停損,"NT$166,401",v4,6週+3個持倉_全週期,366.0,20230329,3680,main,0.0,0.0,0.0,0.0,0.0,-13012.0,-7.82,300-500,14-30日
4763,main,20230419,480.0,20230421,435.0,2,-9.82%,"NT$-16,328",停損,"NT$166,317",v4,6週+3個持倉_全週期,480.0,20230419,4763,main,0.0,0.0,0.0,0.0,0.0,-16328.0,-9.82,300-500,<7日
3044,backup_v4,20230426,113.5,20230607,127.0,42,+11.45%,"NT$+19,082",到期,"NT$166,628",v4,6週+3個持倉_全週期,113.5,20230426,3044,backup_v4,-5.176528177201249,0.0,114.1,-0.52585451358457,0.0,19082.0,11.45,100-200,30-42日
3310,backup_v4,20230426,66.9,20230607,78.1,42,+16.30%,"NT$+27,157",到期,"NT$166,617",v4,6週+3個持倉_全週期,66.9,20230426,3310,backup_v4,-6.6277836691410394,0.0,67.2,-0.4464285714285672,0.0,27157.0,16.3,50-100,30-42日
1580,backup_v4,20230607,134.5,20230609,124.5,2,-7.88%,"NT$-13,125",停損,"NT$166,614",v4,6週+3個持倉_全週期,134.5,20230607,1580,backup_v4,-5.374177079134757,0.0,129.225,4.082027471464505,0.0,-13125.0,-7.88,100-200,<7日
2743,backup_v4,20230607,160.5,20230712,136.5,35,-15.40%,"NT$-25,636",停損,"NT$166,515",v4,6週+3個持倉_全週期,160.5,20230607,2743,backup_v4,-38.82091212458287,0.0,117.565,36.52022285544167,0.0,-25636.0,-15.4,100-200,30-42日
3008,backup_v4,20230607,2245.0,20230719,2270.0,42,+0.67%,"NT$+1,116",到期,"NT$166,367",v4,6週+3個持倉_全週期,2245.0,20230607,3008,backup_v4,-6.462847807089755,0.0,2219.5,1.1489074115791844,0.0,1116.0,0.67,500+,30-42日
2308,backup_v4,20230614,353.0,20230726,360.5,42,+1.68%,"NT$+2,801",到期,"NT$166,500",v4,6週+3個持倉_全週期,353.0,20230614,2308,backup_v4,-5.245006321112515,0.0,318.675,10.771161842002035,0.0,2801.0,1.68,300-500,30-42日
3147,backup_v4,20230809,76.0,20230824,69.3,15,-9.26%,"NT$-15,424",停損,"NT$166,601",v4,6週+3個持倉_全週期,76.0,20230809,3147,backup_v4,-10.793082886106141,0.0,76.035,-0.04603143289274227,0.0,-15424.0,-9.26,50-100,14-30日
1210,backup_v4,20230809,55.4,20230920,54.2,42,-2.61%,"NT$-4,347",到期,"NT$166,659",v4,6週+3個持倉_全週期,55.4,20230809,1210,backup_v4,-5.06505001284821,0.0,57.505,-3.660551256412493,0.0,-4347.0,-2.61,50-100,30-42日
2211,backup_v4,20230830,68.4,20231011,69.7,42,+1.46%,"NT$+2,430",到期,"NT$166,654",v4,6週+3個持倉_全週期,68.4,20230830,2211,backup_v4,-12.346055591565944,0.0,66.855,2.3109715054969735,0.0,2430.0,1.46,50-100,30-42日
3592,main,20230920,358.5,20231101,368.0,42,+2.21%,"NT$+3,677",到期,"NT$166,581",v4,6週+3個持倉_全週期,358.5,20230920,3592,main,0.0,0.0,0.0,0.0,0.0,3677.0,2.21,300-500,30-42日
6533,main,20231101,389.5,20231213,481.0,42,+23.05%,"NT$+38,389",到期,"NT$166,554",v4,6週+3個持倉_全週期,389.5,20231101,6533,main,0.0,0.0,0.0,0.0,0.0,38389.0,23.05,300-500,30-42日
2347,backup_v4,20231108,68.8,20231220,68.6,42,-0.73%,"NT$-1,222",到期,"NT$166,664",v4,6週+3個持倉_全週期,68.8,20231108,2347,backup_v4,-5.911713618304151,0.0,67.85,1.4001473839351555,0.0,-1222.0,-0.73,50-100,30-42日
1519,main,20231220,329.0,20240131,444.0,42,+34.51%,"NT$+57,422",到期,"NT$166,382",v4,6週+3個持倉_全週期,329.0,20231220,1519,main,0.0,0.0,0.0,0.0,0.0,57422.0,34.51,300-500,30-42日
6515,main,20240103,800.0,20240214,768.0,42,-4.44%,"NT$-7,403",到期,"NT$166,637",v4,6週+3個持倉_全週期,800.0,20240103,6515,main,0.0,0.0,0.0,0.0,0.0,-7403.0,-4.44,500+,30-42日
2732,backup_v4,20240131,130.5,20240215,121.0,15,-7.72%,"NT$-12,867",停損,"NT$166,625",v4,6週+3個持倉_全週期,130.5,20240131,2732,backup_v4,-7.600596125186289,0.0,130.125,0.2881844380403458,0.0,-12867.0,-7.72,100-200,14-30日
2382,backup_v4,20240110,218.0,20240221,236.0,42,+7.81%,"NT$+13,016",到期,"NT$166,571",v4,6週+3個持倉_全週期,218.0,20240110,2382,backup_v4,-6.910193923052992,0.0,212.75,2.4676850763807283,0.0,13016.0,7.81,200-300,30-42日
6462,main,20240306,293.5,20240307,265.5,1,-9.98%,"NT$-16,636",停損,"NT$166,652",v4,6週+3個持倉_全週期,293.5,20240306,6462,main,0.0,0.0,0.0,0.0,0.0,-16636.0,-9.98,200-300,<7日
1216,backup_v4,20240320,76.5,20240501,76.5,42,-0.44%,NT$-737,到期,"NT$166,625",v4,6週+3個持倉_全週期,76.5,20240320,1216,backup_v4,-5.178712175730784,0.0,76.435,0.08503957611041764,0.0,-737.0,-0.44,50-100,30-42日
2317,backup_v4,20240320,138.0,20240501,156.0,42,+12.60%,"NT$+21,001",到期,"NT$166,665",v4,6週+3個持倉_全週期,138.0,20240320,2317,backup_v4,-9.289139462061136,0.0,113.275,21.827411167512683,0.0,21001.0,12.6,100-200,30-42日
3030,backup_v4,20240320,80.5,20240501,106.0,42,+31.23%,"NT$+52,046",到期,"NT$166,631",v4,6週+3個持倉_全週期,80.5,20240320,3030,backup_v4,-6.021468342804661,0.0,75.695,6.347843318581157,0.0,52046.0,31.23,50-100,30-42日
2545,backup_v4,20240508,60.5,20240619,56.8,42,-6.56%,"NT$-10,927",到期,"NT$166,612",v4,6週+3個持倉_全週期,60.5,20240508,2545,backup_v4,-7.267120498050852,0.0,55.0025,9.995000227262402,0.0,-10927.0,-6.56,50-100,30-42日
2609,backup_v4,20240508,52.2,20240619,75.0,42,+43.24%,"NT$+72,053",到期,"NT$166,651",v4,6週+3個持倉_全週期,52.2,20240508,2609,backup_v4,-5.325497455742951,0.0,47.7825,9.24501648092922,0.0,72053.0,43.24,50-100,30-42日
3003,backup_v4,20240508,78.0,20240619,76.6,42,-2.24%,"NT$-3,728",到期,"NT$166,611",v4,6週+3個持倉_全週期,78.0,20240508,3003,backup_v4,-5.452515051466304,0.0,72.745,7.223864183105361,0.0,-3728.0,-2.24,50-100,30-42日
5904,main,20240619,529.0,20240731,514.0,42,-3.28%,"NT$-5,453",到期,"NT$166,343",v4,6週+3個持倉_全週期,529.0,20240619,5904,main,0.0,0.0,0.0,0.0,0.0,-5453.0,-3.28,500+,30-42日
6231,main,20240619,398.0,20240731,410.5,42,+2.70%,"NT$+4,495",到期,"NT$166,601",v4,6週+3個持倉_全週期,398.0,20240619,6231,main,0.0,0.0,0.0,0.0,0.0,4495.0,2.7,300-500,30-42日
1615,backup_v4,20240626,69.3,20240805,60.8,40,-12.71%,"NT$-21,175",停損,"NT$166,626",v4,6週+3個持倉_全週期,69.3,20240626,1615,backup_v4,-6.446991404011461,0.0,70.28,-1.3944223107569778,0.0,-21175.0,-12.71,50-100,30-42日
2739,backup_v4,20240731,67.5,20240805,61.7,5,-9.04%,"NT$-15,055",停損,"NT$166,625",v4,6週+3個持倉_全週期,67.5,20240731,2739,backup_v4,-17.41160773849233,0.0,65.17,3.5752646923431,0.0,-15055.0,-9.04,50-100,<7日
5519,backup_v4,20240731,55.4,20240805,49.15,5,-11.72%,"NT$-19,539",停損,"NT$166,659",v4,6週+3個持倉_全週期,55.4,20240731,5519,backup_v4,-7.215189873417721,0.0,51.2225,8.155595685489779,0.0,-19539.0,-11.72,50-100,<7日
2597,backup_v4,20240807,205.0,20240814,154.0,7,-25.32%,"NT$-42,157",停損,"NT$166,492",v4,6週+3個持倉_全週期,205.0,20240807,2597,backup_v4,-5.515565952852258,0.0,202.725,1.1222098902454092,0.0,-42157.0,-25.32,200-300,<7日
2363,backup_v4,20240807,70.6,20240904,62.4,28,-12.06%,"NT$-20,092",停損,"NT$166,641",v4,6週+3個持倉_全週期,70.6,20240807,2363,backup_v4,-15.138244419428352,0.0,64.1,10.14040561622465,0.0,-20092.0,-12.06,50-100,14-30日
2548,backup_v4,20240807,145.0,20240910,133.5,34,-8.37%,"NT$-13,946",停損,"NT$166,552",v4,6週+3個持倉_全週期,145.0,20240807,2548,backup_v4,-9.683570704963948,0.0,158.0,-8.227848101265822,0.0,-13946.0,-8.37,100-200,30-42日
2250,backup_v4,20240814,94.4,20240925,106.5,42,+12.38%,"NT$+20,625",到期,"NT$166,664",v4,6週+3個持倉_全週期,94.4,20240814,2250,backup_v4,-5.30579181855002,0.0,92.395,2.1700308458250013,0.0,20625.0,12.38,50-100,30-42日
1472,backup_v4,20240904,59.3,20241016,60.5,42,+1.58%,"NT$+2,635",到期,"NT$166,633",v4,6週+3個持倉_全週期,59.3,20240904,1472,backup_v4,-12.7838519764508,0.0,57.285,3.5175002182072106,0.0,2635.0,1.58,50-100,30-42日
3081,backup_v4,20240911,192.5,20241023,362.0,42,+87.61%,"NT$+145,920",到期,"NT$166,557",v4,6週+3個持倉_全週期,192.5,20240911,3081,backup_v4,-20.543543379990197,0.0,157.375,22.319301032565527,0.0,145920.0,87.61,100-200,30-42日
2397,backup_v4,20241030,86.3,20241108,79.8,9,-7.97%,"NT$-13,287",停損,"NT$166,624",v4,6週+3個持倉_全週期,86.3,20241030,2397,backup_v4,-7.9340046099720976,0.0,79.165,9.012821322554148,0.0,-13287.0,-7.97,50-100,7-14日
2354,backup_v4,20241030,80.6,20241211,83.8,42,+3.53%,"NT$+5,877",到期,"NT$166,595",v4,6週+3個持倉_全週期,80.6,20241030,2354,backup_v4,-6.437897754522479,0.0,68.45,17.750182615047468,0.0,5877.0,3.53,50-100,30-42日
4961,backup_v4,20241030,247.5,20241211,236.0,42,-5.09%,"NT$-8,476",到期,"NT$166,557",v4,6週+3個持倉_全週期,247.5,20241030,4961,backup_v4,-5.064893953782843,0.0,271.5,-8.83977900552486,0.0,-8476.0,-5.09,200-300,30-42日
3563,main,20250312,569.0,20250327,523.0,15,-8.53%,"NT$-14,187",停損,"NT$166,385",v4,6週+3個持倉_全週期,569.0,20250312,3563,main,0.0,0.0,0.0,0.0,0.0,-14187.0,-8.53,500+,14-30日
6643,main,20250312,690.0,20250331,582.0,19,-16.09%,"NT$-26,802",停損,"NT$166,527",v4,6週+3個持倉_全週期,690.0,20250312,6643,main,0.0,0.0,0.0,0.0,0.0,-26802.0,-16.09,500+,14-30日
7722,main,20250326,724.0,20250331,630.0,5,-13.43%,"NT$-22,291",停損,"NT$166,032",v4,6週+3個持倉_全週期,724.0,20250326,7722,main,0.0,0.0,0.0,0.0,0.0,-22291.0,-13.43,500+,<7日
2753,backup_v4,20250416,191.0,20250422,176.0,6,-8.30%,"NT$-13,821",停損,"NT$166,598",v4,6週+3個持倉_全週期,191.0,20250416,2753,backup_v4,-7.240806150010388,0.0,175.4,8.8939566704675,0.0,-13821.0,-8.3,100-200,<7日
6023,backup_v4,20250416,80.6,20250528,83.6,42,+3.28%,"NT$+5,464",到期,"NT$166,595",v4,6週+3個持倉_全週期,80.6,20250416,6023,backup_v4,-8.583716623857596,0.0,80.82,-0.27220984904726414,0.0,5464.0,3.28,50-100,30-42日
6680,backup_v4,20250430,79.3,20250529,0.0,29,-100.44%,"NT$-167,346",停損,"NT$166,608",v4,6週+3個持倉_全週期,79.3,20250430,6680,backup_v4,-6.480648064806481,0.0,75.625,4.859504132231401,0.0,-167346.0,-100.44,50-100,14-30日
4571,backup_v4,20250430,151.5,20250611,160.5,42,+5.50%,"NT$+9,159",到期,"NT$166,584",v4,6週+3個持倉_全週期,151.5,20250430,4571,backup_v4,-5.872756933115824,0.0,142.575,6.259863229879019,0.0,9159.0,5.5,100-200,30-42日
4749,main,20250618,657.0,20250704,596.0,16,-9.73%,"NT$-16,192",停損,"NT$166,458",v4,6週+3個持倉_全週期,657.0,20250618,4749,main,0.0,0.0,0.0,0.0,0.0,-16192.0,-9.73,500+,14-30日
1583,backup_v4,20250528,59.5,20250707,55.2,40,-7.67%,"NT$-12,782",停損,"NT$166,659",v4,6週+3個持倉_全週期,59.5,20250528,1583,backup_v4,-5.084745762711865,0.0,59.595,-0.15940934642167776,0.0,-12782.0,-7.67,50-100,30-42日
3131,main,20250716,1655.0,20250724,1530.0,8,-8.00%,"NT$-13,251",停損,"NT$165,736",v4,6週+3個持倉_全週期,1655.0,20250716,3131,main,0.0,0.0,0.0,0.0,0.0,-13251.0,-8.0,500+,7-14日
5536,main,20250723,494.5,20250903,854.0,42,+72.26%,"NT$+120,228",到期,"NT$166,389",v4,6週+3個持倉_全週期,494.5,20250723,5536,main,0.0,0.0,0.0,0.0,0.0,120228.0,72.26,300-500,30-42日
6720,backup_v4,20251001,134.5,20251020,123.5,19,-8.62%,"NT$-14,364",停損,"NT$166,614",v4,6週+3個持倉_全週期,134.5,20251001,6720,backup_v4,-5.633802816901409,0.0,132.25,1.7013232514177694,0.0,-14364.0,-8.62,100-200,14-30日
7747,backup_v4,20251001,141.5,20251029,131.5,28,-7.51%,"NT$-12,514",停損,"NT$166,641",v4,6週+3個持倉_全週期,141.5,20251001,7747,backup_v4,-15.369261477045908,0.0,138.875,1.8901890189018902,0.0,-12514.0,-7.51,100-200,14-30日
6994,backup_v4,20251001,95.2,20251112,94.0,42,-1.70%,"NT$-2,838",到期,"NT$166,647",v4,6週+3個持倉_全週期,95.2,20251001,6994,backup_v4,-5.461465271170314,0.0,92.955,2.4151471141950456,0.0,-2838.0,-1.7,50-100,30-42日
6442,main,20251203,1250.0,20251218,1110.0,15,-11.64%,"NT$-19,383",停損,"NT$166,487",v4,6週+3個持倉_全週期,1250.0,20251203,6442,main,0.0,0.0,0.0,0.0,0.0,-19383.0,-11.64,500+,14-30日
3617,backup_v4,20230308,126.0,20230309,113.5,1,-10.36%,"NT$-8,630",停損,"NT$83,279",v4,6週+6個持倉_2023年,126.0,20230308,3617,backup_v4,-6.142441090812814,0.0,121.0,4.132231404958678,0.0,-8630.0,-10.36,100-200,<7日
2707,backup_v4,20230308,292.5,20230313,269.5,5,-8.31%,"NT$-6,909",停損,"NT$83,188",v4,6週+6個持倉_2023年,292.5,20230308,2707,backup_v4,-5.018917458111343,0.0,283.525,3.1655056873291683,0.0,-6909.0,-8.31,200-300,<7日
2066,backup_v4,20230308,90.0,20230316,83.5,8,-7.66%,"NT$-6,383",停損,"NT$83,279",v4,6週+6個持倉_2023年,90.0,20230308,2066,backup_v4,-7.217847769028872,0.0,86.385,4.184754297621109,0.0,-6383.0,-7.66,50-100,7-14日
6719,main,20230322,332.0,20230328,307.5,6,-7.82%,"NT$-6,502",停損,"NT$83,118",v4,6週+6個持倉_2023年,332.0,20230322,6719,main,0.0,0.0,0.0,0.0,0.0,-6502.0,-7.82,300-500,<7日
6472,main,20230222,493.0,20230405,740.0,42,+49.66%,"NT$+41,188",到期,"NT$82,942",v4,6週+6個持倉_2023年,493.0,20230222,6472,main,0.0,0.0,0.0,0.0,0.0,41188.0,49.66,300-500,30-42日
2474,backup_v4,20230308,187.5,20230419,182.5,42,-3.11%,"NT$-2,586",到期,"NT$83,181",v4,6週+6個持倉_2023年,187.5,20230308,2474,backup_v4,-5.166232073011734,0.0,187.8,-0.15974440894569295,0.0,-2586.0,-3.11,100-200,30-42日
2637,backup_v4,20230308,67.2,20230419,63.5,42,-5.95%,"NT$-4,956",到期,"NT$83,312",v4,6週+6個持倉_2023年,67.2,20230308,2637,backup_v4,-8.836071742129688,0.0,64.085,4.860731840524318,0.0,-4956.0,-5.95,50-100,30-42日
3680,main,20230329,366.0,20230421,339.0,23,-7.82%,"NT$-6,506",停損,"NT$83,200",v4,6週+6個持倉_2023年,366.0,20230329,3680,main,0.0,0.0,0.0,0.0,0.0,-6506.0,-7.82,300-500,14-30日
4763,main,20230419,480.0,20230421,435.0,2,-9.82%,"NT$-8,164",停損,"NT$83,158",v4,6週+6個持倉_2023年,480.0,20230419,4763,main,0.0,0.0,0.0,0.0,0.0,-8164.0,-9.82,300-500,<7日
3675,main,20230412,299.5,20230524,348.0,42,+15.75%,"NT$+13,086",到期,"NT$83,080",v4,6週+6個持倉_2023年,299.5,20230412,3675,main,0.0,0.0,0.0,0.0,0.0,13086.0,15.75,200-300,30-42日
2207,backup_v4,20230426,660.0,20230607,861.0,42,+30.01%,"NT$+24,994",到期,"NT$83,279",v4,6週+6個持倉_2023年,660.0,20230426,2207,backup_v4,-7.657127923690056,0.0,644.85,2.3493835775761767,0.0,24994.0,30.01,500+,30-42日
3044,backup_v4,20230426,113.5,20230607,127.0,42,+11.45%,"NT$+9,541",到期,"NT$83,314",v4,6週+6個持倉_2023年,113.5,20230426,3044,backup_v4,-5.176528177201249,0.0,114.1,-0.52585451358457,0.0,9541.0,11.45,100-200,30-42日
3310,backup_v4,20230426,66.9,20230607,78.1,42,+16.30%,"NT$+13,573",到期,"NT$83,275",v4,6週+6個持倉_2023年,66.9,20230426,3310,backup_v4,-6.6277836691410394,0.0,67.2,-0.4464285714285672,0.0,13573.0,16.3,50-100,30-42日
3324,backup_v4,20230426,229.0,20230607,295.0,42,+28.38%,"NT$+23,624",到期,"NT$83,245",v4,6週+6個持倉_2023年,229.0,20230426,3324,backup_v4,-11.689834198626697,0.0,234.45,-2.3245894647046232,0.0,23624.0,28.38,200-300,30-42日
1795,main,20230524,334.5,20230608,311.0,15,-7.47%,"NT$-6,204",停損,"NT$83,074",v4,6週+6個持倉_2023年,334.5,20230524,1795,main,0.0,0.0,0.0,0.0,0.0,-6204.0,-7.47,300-500,14-30日
1580,backup_v4,20230607,134.5,20230609,124.5,2,-7.88%,"NT$-6,557",停損,"NT$83,239",v4,6週+6個持倉_2023年,134.5,20230607,1580,backup_v4,-5.374177079134757,0.0,129.225,4.082027471464505,0.0,-6557.0,-7.88,100-200,<7日
8046,main,20230531,303.0,20230615,281.0,15,-7.70%,"NT$-6,404",停損,"NT$83,140",v4,6週+6個持倉_2023年,303.0,20230531,8046,main,0.0,0.0,0.0,0.0,0.0,-6404.0,-7.7,300-500,14-30日
2743,backup_v4,20230607,160.5,20230712,136.5,35,-15.40%,"NT$-12,818",停損,"NT$83,257",v4,6週+6個持倉_2023年,160.5,20230607,2743,backup_v4,-38.82091212458287,0.0,117.565,36.52022285544167,0.0,-12818.0,-15.4,100-200,30-42日
3008,backup_v4,20230607,2245.0,20230719,2270.0,42,+0.67%,NT$+558,到期,"NT$83,183",v4,6週+6個持倉_2023年,2245.0,20230607,3008,backup_v4,-6.462847807089755,0.0,2219.5,1.1489074115791844,0.0,558.0,0.67,500+,30-42日
3014,backup_v4,20230607,115.0,20230719,127.0,42,+9.99%,"NT$+8,320",到期,"NT$83,263",v4,6週+6個持倉_2023年,115.0,20230607,3014,backup_v4,-8.175464814733418,0.0,108.615,5.878561892924555,0.0,8320.0,9.99,100-200,30-42日
2308,backup_v4,20230614,353.0,20230726,360.5,42,+1.68%,"NT$+1,397",到期,"NT$83,073",v4,6週+6個持倉_2023年,353.0,20230614,2308,backup_v4,-5.245006321112515,0.0,318.675,10.771161842002035,0.0,1397.0,1.68,300-500,30-42日
2330,backup_v4,20230614,590.0,20230726,566.0,42,-4.51%,"NT$-3,757",到期,"NT$83,309",v4,6週+6個持倉_2023年,590.0,20230614,2330,backup_v4,-8.138326349625567,0.0,556.3,6.0578824375337135,0.0,-3757.0,-4.51,500+,30-42日
1560,backup_v4,20230621,127.0,20230802,131.5,42,+3.10%,"NT$+2,583",到期,"NT$83,304",v4,6週+6個持倉_2023年,127.0,20230621,1560,backup_v4,-12.54371122391427,0.0,121.025,4.936996488328853,0.0,2583.0,3.1,100-200,30-42日
4551,backup_v4,20230712,146.5,20230802,135.5,21,-7.95%,"NT$-6,626",停損,"NT$83,331",v4,6週+6個持倉_2023年,146.5,20230712,4551,backup_v4,-18.92456773703211,0.0,152.175,-3.729259076720888,0.0,-6626.0,-7.95,100-200,14-30日
2731,backup_v4,20230809,159.5,20230811,144.0,2,-10.16%,"NT$-8,455",停損,"NT$83,218",v4,6週+6個持倉_2023年,159.5,20230809,2731,backup_v4,-6.903467908902691,0.0,161.05,-0.9624340266997896,0.0,-8455.0,-10.16,100-200,<7日
3483,backup_v4,20230809,158.0,20230811,146.5,2,-7.72%,"NT$-6,426",停損,"NT$83,226",v4,6週+6個持倉_2023年,158.0,20230809,3483,backup_v4,-12.88524215220996,0.0,137.64,14.792211566405125,0.0,-6426.0,-7.72,100-200,<7日
3551,backup_v4,20230809,73.8,20230814,68.2,5,-8.03%,"NT$-6,689",停損,"NT$83,291",v4,6週+6個持倉_2023年,73.8,20230809,3551,backup_v4,-6.230071130733383,0.0,71.815,2.7640465083896117,0.0,-6689.0,-8.03,50-100,<7日
3147,backup_v4,20230809,76.0,20230824,69.3,15,-9.26%,"NT$-7,709",停損,"NT$83,262",v4,6週+6個持倉_2023年,76.0,20230809,3147,backup_v4,-10.793082886106141,0.0,76.035,-0.04603143289274227,0.0,-7709.0,-9.26,50-100,14-30日
4572,backup_v4,20230809,196.0,20230907,181.5,29,-7.84%,"NT$-6,525",停損,"NT$83,222",v4,6週+6個持倉_2023年,196.0,20230809,4572,backup_v4,-17.736263736263737,0.0,183.1,7.04533042053523,0.0,-6525.0,-7.84,100-200,14-30日
1210,backup_v4,20230809,55.4,20230920,54.2,42,-2.61%,"NT$-2,174",到期,"NT$83,329",v4,6週+6個持倉_2023年,55.4,20230809,1210,backup_v4,-5.06505001284821,0.0,57.505,-3.660551256412493,0.0,-2174.0,-2.61,50-100,30-42日
2645,backup_v4,20230823,114.5,20230921,106.0,29,-7.87%,"NT$-6,548",停損,"NT$83,245",v4,6週+6個持倉_2023年,114.5,20230823,2645,backup_v4,-15.237618809404701,0.0,110.55,3.5730438715513366,0.0,-6548.0,-7.87,100-200,14-30日
8081,backup_v4,20230816,226.5,20230927,265.0,42,+16.56%,"NT$+13,781",到期,"NT$83,244",v4,6週+6個持倉_2023年,226.5,20230816,8081,backup_v4,-5.36972352140193,0.0,213.0,6.338028169014084,0.0,13781.0,16.56,200-300,30-42日
5469,backup_v4,20230823,54.6,20231004,59.2,42,+7.98%,"NT$+6,652",到期,"NT$83,329",v4,6週+6個持倉_2023年,54.6,20230823,5469,backup_v4,-6.227439471753485,0.0,51.02,7.016856134849076,0.0,6652.0,7.98,50-100,30-42日
1477,backup_v4,20230830,334.5,20231011,353.5,42,+5.24%,"NT$+4,351",到期,"NT$83,074",v4,6週+6個持倉_2023年,334.5,20230830,1477,backup_v4,-7.2157393314166525,0.0,314.2,6.460852959898158,0.0,4351.0,5.24,300-500,30-42日
2385,backup_v4,20230913,114.0,20231025,124.5,42,+8.77%,"NT$+7,297",到期,"NT$83,224",v4,6週+6個持倉_2023年,114.0,20230913,2385,backup_v4,-5.614692891868704,0.0,105.525,8.031272210376681,0.0,7297.0,8.77,100-200,30-42日
3592,main,20230920,358.5,20231101,368.0,42,+2.21%,"NT$+1,839",到期,"NT$83,291",v4,6週+6個持倉_2023年,358.5,20230920,3592,main,0.0,0.0,0.0,0.0,0.0,1839.0,2.21,300-500,30-42日
4967,backup_v4,20231108,92.3,20231201,85.2,23,-8.13%,"NT$-6,775",停損,"NT$83,281",v4,6週+6個持倉_2023年,92.3,20231108,4967,backup_v4,-17.57650264145928,0.0,79.22,16.510982075233525,0.0,-6775.0,-8.13,50-100,14-30日
6533,main,20231101,389.5,20231213,481.0,42,+23.05%,"NT$+19,150",到期,"NT$83,082",v4,6週+6個持倉_2023年,389.5,20231101,6533,main,0.0,0.0,0.0,0.0,0.0,19150.0,23.05,300-500,30-42日
6789,main,20231206,305.0,20231219,277.5,13,-9.46%,"NT$-7,858",停損,"NT$83,078",v4,6週+6個持倉_2023年,305.0,20231206,6789,main,0.0,0.0,0.0,0.0,0.0,-7858.0,-9.46,300-500,7-14日
2230,backup_v4,20231108,125.0,20231220,172.5,42,+37.56%,"NT$+31,264",到期,"NT$83,243",v4,6週+6個持倉_2023年,125.0,20231108,2230,backup_v4,-14.274570982839313,0.0,118.1,5.842506350550386,0.0,31264.0,37.56,100-200,30-42日
2347,backup_v4,20231108,68.8,20231220,68.6,42,-0.73%,NT$-611,到期,"NT$83,298",v4,6週+6個持倉_2023年,68.8,20231108,2347,backup_v4,-5.911713618304151,0.0,67.85,1.4001473839351555,0.0,-611.0,-0.73,50-100,30-42日
2388,backup_v4,20231108,129.0,20231220,151.5,42,+17.00%,"NT$+14,164",到期,"NT$83,324",v4,6週+6個持倉_2023年,129.0,20231108,2388,backup_v4,-11.505027440612107,0.0,124.325,3.7603056505127666,0.0,14164.0,17.0,100-200,30-42日
3532,backup_v4,20231108,156.5,20231220,184.0,42,+17.13%,"NT$+14,255",到期,"NT$83,220",v4,6週+6個持倉_2023年,156.5,20231108,3532,backup_v4,-5.80817730225449,0.0,154.725,1.147196639198582,0.0,14255.0,17.13,100-200,30-42日
3443,main,20221207,742.0,20221228,636.0,21,-14.73%,"NT$-12,257",停損,"NT$83,222",v4,6週+6個持倉_全週期,742.0,20221207,3443,main,0.0,0.0,0.0,0.0,0.0,-12257.0,-14.73,500+,14-30日
1736,backup_v4,20221221,74.9,20221229,69.5,8,-7.65%,"NT$-6,377",停損,"NT$83,332",v4,6週+6個持倉_全週期,74.9,20221221,1736,backup_v4,-5.200394512687169,0.0,78.76,-4.900964956830878,0.0,-6377.0,-7.65,50-100,7-14日
2707,backup_v4,20221221,253.0,20230106,233.0,16,-8.35%,"NT$-6,937",停損,"NT$83,102",v4,6週+6個持倉_全週期,253.0,20221221,2707,backup_v4,-10.354007770902287,0.0,243.6,3.858784893267654,0.0,-6937.0,-8.35,200-300,14-30日
6472,main,20221207,400.0,20230118,402.0,42,+0.06%,NT$+48,到期,"NT$83,319",v4,6週+6個持倉_全週期,400.0,20221207,6472,main,0.0,0.0,0.0,0.0,0.0,48.0,0.06,300-500,30-42日
1477,backup_v4,20221221,240.0,20230131,218.0,41,-9.61%,"NT$-7,991",停損,"NT$83,158",v4,6週+6個持倉_全週期,240.0,20221221,1477,backup_v4,-5.958419263140293,0.0,235.325,1.9866142568787895,0.0,-7991.0,-9.61,200-300,30-42日
2338,backup_v4,20221221,85.7,20230201,91.0,42,+5.74%,"NT$+4,780",到期,"NT$83,247",v4,6週+6個持倉_全週期,85.7,20221221,2338,backup_v4,-7.755171372489808,0.0,89.445,-4.186930515959518,0.0,4780.0,5.74,50-100,30-42日
4915,backup_v4,20230111,56.7,20230222,58.1,42,+2.03%,"NT$+1,688",到期,"NT$83,297",v4,6週+6個持倉_全週期,56.7,20230111,4915,backup_v4,-5.493226079593565,0.0,56.32,0.6747159090909136,0.0,1688.0,2.03,50-100,30-42日
6585,backup_v4,20230111,54.2,20230222,66.5,42,+22.25%,"NT$+18,539",到期,"NT$83,316",v4,6週+6個持倉_全週期,54.2,20230111,6585,backup_v4,-10.04062681369704,0.0,54.85,-1.1850501367365516,0.0,18539.0,22.25,50-100,30-42日
2207,backup_v4,20230208,642.0,20230316,595.0,36,-7.76%,"NT$-6,439",停損,"NT$82,936",v4,6週+6個持倉_全週期,642.0,20230208,2207,backup_v4,-8.575096277278563,0.0,629.7,1.9533111005240518,0.0,-6439.0,-7.76,500+,30-42日
2066,backup_v4,20230308,90.0,20230316,83.5,8,-7.66%,"NT$-6,383",停損,"NT$83,279",v4,6週+6個持倉_全週期,90.0,20230308,2066,backup_v4,-7.217847769028872,0.0,86.385,4.184754297621109,0.0,-6383.0,-7.66,50-100,7-14日
2230,backup_v4,20230208,53.5,20230322,79.0,42,+47.22%,"NT$+39,340",到期,"NT$83,311",v4,6週+6個持倉_全週期,53.5,20230208,2230,backup_v4,-15.753424657534246,0.0,43.9125,21.833191004839165,0.0,39340.0,47.22,50-100,30-42日
2303,backup_v4,20230208,50.5,20230322,53.5,42,+5.50%,"NT$+4,579",到期,"NT$83,292",v4,6週+6個持倉_全週期,50.5,20230208,2303,backup_v4,-6.184454696897463,0.0,45.945,9.914027641745566,0.0,4579.0,5.5,50-100,30-42日
6719,main,20230322,332.0,20230328,307.5,6,-7.82%,"NT$-6,502",停損,"NT$83,118",v4,6週+6個持倉_全週期,332.0,20230322,6719,main,0.0,0.0,0.0,0.0,0.0,-6502.0,-7.82,300-500,<7日
2474,backup_v4,20230308,187.5,20230419,182.5,42,-3.11%,"NT$-2,586",到期,"NT$83,181",v4,6週+6個持倉_全週期,187.5,20230308,2474,backup_v4,-5.166232073011734,0.0,187.8,-0.15974440894569295,0.0,-2586.0,-3.11,100-200,30-42日
3680,main,20230329,366.0,20230421,339.0,23,-7.82%,"NT$-6,506",停損,"NT$83,200",v4,6週+6個持倉_全週期,366.0,20230329,3680,main,0.0,0.0,0.0,0.0,0.0,-6506.0,-7.82,300-500,14-30日
4763,main,20230419,480.0,20230421,435.0,2,-9.82%,"NT$-8,164",停損,"NT$83,158",v4,6週+6個持倉_全週期,480.0,20230419,4763,main,0.0,0.0,0.0,0.0,0.0,-8164.0,-9.82,300-500,<7日
3044,backup_v4,20230426,113.5,20230607,127.0,42,+11.45%,"NT$+9,541",到期,"NT$83,314",v4,6週+6個持倉_全週期,113.5,20230426,3044,backup_v4,-5.176528177201249,0.0,114.1,-0.52585451358457,0.0,9541.0,11.45,100-200,30-42日
3310,backup_v4,20230426,66.9,20230607,78.1,42,+16.30%,"NT$+13,573",到期,"NT$83,275",v4,6週+6個持倉_全週期,66.9,20230426,3310,backup_v4,-6.6277836691410394,0.0,67.2,-0.4464285714285672,0.0,13573.0,16.3,50-100,30-42日
3324,backup_v4,20230426,229.0,20230607,295.0,42,+28.38%,"NT$+23,624",到期,"NT$83,245",v4,6週+6個持倉_全週期,229.0,20230426,3324,backup_v4,-11.689834198626697,0.0,234.45,-2.3245894647046232,0.0,23624.0,28.38,200-300,30-42日
3587,backup_v4,20230426,182.0,20230607,231.5,42,+26.76%,"NT$+22,285",到期,"NT$83,293",v4,6週+6個持倉_全週期,182.0,20230426,3587,backup_v4,-5.261336102457598,0.0,191.75,-5.084745762711865,0.0,22285.0,26.76,100-200,30-42日
3693,backup_v4,20230426,178.5,20230607,245.5,42,+37.09%,"NT$+30,898",到期,"NT$83,300",v4,6週+6個持倉_全週期,178.5,20230426,3693,backup_v4,-32.184191085939425,0.0,163.225,9.358247817429932,0.0,30898.0,37.09,100-200,30-42日
1580,backup_v4,20230607,134.5,20230609,124.5,2,-7.88%,"NT$-6,557",停損,"NT$83,239",v4,6週+6個持倉_全週期,134.5,20230607,1580,backup_v4,-5.374177079134757,0.0,129.225,4.082027471464505,0.0,-6557.0,-7.88,100-200,<7日
3444,backup_v4,20230607,76.9,20230612,71.5,5,-7.46%,"NT$-6,220",停損,"NT$83,324",v4,6週+6個持倉_全週期,76.9,20230607,3444,backup_v4,-23.324525582512614,0.0,71.415,7.680459287264579,0.0,-6220.0,-7.46,50-100,<7日
2408,backup_v4,20230614,76.2,20230627,70.8,13,-7.53%,"NT$-6,274",停損,"NT$83,329",v4,6週+6個持倉_全週期,76.2,20230614,2408,backup_v4,-5.283765303464444,0.0,71.805,6.120743680802167,0.0,-6274.0,-7.53,50-100,7-14日
2743,backup_v4,20230607,160.5,20230712,136.5,35,-15.40%,"NT$-12,818",停損,"NT$83,257",v4,6週+6個持倉_全週期,160.5,20230607,2743,backup_v4,-38.82091212458287,0.0,117.565,36.52022285544167,0.0,-12818.0,-15.4,100-200,30-42日
3008,backup_v4,20230607,2245.0,20230719,2270.0,42,+0.67%,NT$+558,到期,"NT$83,183",v4,6週+6個持倉_全週期,2245.0,20230607,3008,backup_v4,-6.462847807089755,0.0,2219.5,1.1489074115791844,0.0,558.0,0.67,500+,30-42日
3014,backup_v4,20230607,115.0,20230719,127.0,42,+9.99%,"NT$+8,320",到期,"NT$83,263",v4,6週+6個持倉_全週期,115.0,20230607,3014,backup_v4,-8.175464814733418,0.0,108.615,5.878561892924555,0.0,8320.0,9.99,100-200,30-42日
3406,backup_v4,20230607,389.5,20230719,403.0,42,+3.02%,"NT$+2,512",到期,"NT$83,082",v4,6週+6個持倉_全週期,389.5,20230607,3406,backup_v4,-10.371917573339152,0.0,395.175,-1.436072626051752,0.0,2512.0,3.02,300-500,30-42日
2308,backup_v4,20230614,353.0,20230726,360.5,42,+1.68%,"NT$+1,397",到期,"NT$83,073",v4,6週+6個持倉_全週期,353.0,20230614,2308,backup_v4,-5.245006321112515,0.0,318.675,10.771161842002035,0.0,1397.0,1.68,300-500,30-42日
4551,backup_v4,20230712,146.5,20230802,135.5,21,-7.95%,"NT$-6,626",停損,"NT$83,331",v4,6週+6個持倉_全週期,146.5,20230712,4551,backup_v4,-18.92456773703211,0.0,152.175,-3.729259076720888,0.0,-6626.0,-7.95,100-200,14-30日
3483,backup_v4,20230809,158.0,20230811,146.5,2,-7.72%,"NT$-6,426",停損,"NT$83,226",v4,6週+6個持倉_全週期,158.0,20230809,3483,backup_v4,-12.88524215220996,0.0,137.64,14.792211566405125,0.0,-6426.0,-7.72,100-200,<7日
3551,backup_v4,20230809,73.8,20230814,68.2,5,-8.03%,"NT$-6,689",停損,"NT$83,291",v4,6週+6個持倉_全週期,73.8,20230809,3551,backup_v4,-6.230071130733383,0.0,71.815,2.7640465083896117,0.0,-6689.0,-8.03,50-100,<7日
1476,backup_v4,20230705,510.0,20230816,494.0,42,-3.58%,"NT$-2,980",到期,"NT$83,248",v4,6週+6個持倉_全週期,510.0,20230705,1476,backup_v4,-9.521003451468978,0.0,497.975,2.414779858426623,0.0,-2980.0,-3.58,500+,30-42日
3147,backup_v4,20230809,76.0,20230824,69.3,15,-9.26%,"NT$-7,709",停損,"NT$83,262",v4,6週+6個持倉_全週期,76.0,20230809,3147,backup_v4,-10.793082886106141,0.0,76.035,-0.04603143289274227,0.0,-7709.0,-9.26,50-100,14-30日
4572,backup_v4,20230809,196.0,20230907,181.5,29,-7.84%,"NT$-6,525",停損,"NT$83,222",v4,6週+6個持倉_全週期,196.0,20230809,4572,backup_v4,-17.736263736263737,0.0,183.1,7.04533042053523,0.0,-6525.0,-7.84,100-200,14-30日
1210,backup_v4,20230809,55.4,20230920,54.2,42,-2.61%,"NT$-2,174",到期,"NT$83,329",v4,6週+6個持倉_全週期,55.4,20230809,1210,backup_v4,-5.06505001284821,0.0,57.505,-3.660551256412493,0.0,-2174.0,-2.61,50-100,30-42日
2645,backup_v4,20230823,114.5,20230921,106.0,29,-7.87%,"NT$-6,548",停損,"NT$83,245",v4,6週+6個持倉_全週期,114.5,20230823,2645,backup_v4,-15.237618809404701,0.0,110.55,3.5730438715513366,0.0,-6548.0,-7.87,100-200,14-30日
8081,backup_v4,20230816,226.5,20230927,265.0,42,+16.56%,"NT$+13,781",到期,"NT$83,244",v4,6週+6個持倉_全週期,226.5,20230816,8081,backup_v4,-5.36972352140193,0.0,213.0,6.338028169014084,0.0,13781.0,16.56,200-300,30-42日
5469,backup_v4,20230823,54.6,20231004,59.2,42,+7.98%,"NT$+6,652",到期,"NT$83,329",v4,6週+6個持倉_全週期,54.6,20230823,5469,backup_v4,-6.227439471753485,0.0,51.02,7.016856134849076,0.0,6652.0,7.98,50-100,30-42日
2211,backup_v4,20230830,68.4,20231011,69.7,42,+1.46%,"NT$+1,214",到期,"NT$83,293",v4,6週+6個持倉_全週期,68.4,20230830,2211,backup_v4,-12.346055591565944,0.0,66.855,2.3109715054969735,0.0,1214.0,1.46,50-100,30-42日
2385,backup_v4,20230913,114.0,20231025,124.5,42,+8.77%,"NT$+7,297",到期,"NT$83,224",v4,6週+6個持倉_全週期,114.0,20230913,2385,backup_v4,-5.614692891868704,0.0,105.525,8.031272210376681,0.0,7297.0,8.77,100-200,30-42日
3592,main,20230920,358.5,20231101,368.0,42,+2.21%,"NT$+1,839",到期,"NT$83,291",v4,6週+6個持倉_全週期,358.5,20230920,3592,main,0.0,0.0,0.0,0.0,0.0,1839.0,2.21,300-500,30-42日
4967,backup_v4,20231108,92.3,20231201,85.2,23,-8.13%,"NT$-6,775",停損,"NT$83,281",v4,6週+6個持倉_全週期,92.3,20231108,4967,backup_v4,-17.57650264145928,0.0,79.22,16.510982075233525,0.0,-6775.0,-8.13,50-100,14-30日
6533,main,20231101,389.5,20231213,481.0,42,+23.05%,"NT$+19,150",到期,"NT$83,082",v4,6週+6個持倉_全週期,389.5,20231101,6533,main,0.0,0.0,0.0,0.0,0.0,19150.0,23.05,300-500,30-42日
6789,main,20231206,305.0,20231219,277.5,13,-9.46%,"NT$-7,858",停損,"NT$83,078",v4,6週+6個持倉_全週期,305.0,20231206,6789,main,0.0,0.0,0.0,0.0,0.0,-7858.0,-9.46,300-500,7-14日
2347,backup_v4,20231108,68.8,20231220,68.6,42,-0.73%,NT$-611,到期,"NT$83,298",v4,6週+6個持倉_全週期,68.8,20231108,2347,backup_v4,-5.911713618304151,0.0,67.85,1.4001473839351555,0.0,-611.0,-0.73,50-100,30-42日
2388,backup_v4,20231108,129.0,20231220,151.5,42,+17.00%,"NT$+14,164",到期,"NT$83,324",v4,6週+6個持倉_全週期,129.0,20231108,2388,backup_v4,-11.505027440612107,0.0,124.325,3.7603056505127666,0.0,14164.0,17.0,100-200,30-42日
3532,backup_v4,20231108,156.5,20231220,184.0,42,+17.13%,"NT$+14,255",到期,"NT$83,220",v4,6週+6個持倉_全週期,156.5,20231108,3532,backup_v4,-5.80817730225449,0.0,154.725,1.147196639198582,0.0,14255.0,17.13,100-200,30-42日
4994,backup_v4,20231108,62.0,20231220,61.5,42,-1.25%,"NT$-1,041",到期,"NT$83,323",v4,6週+6個持倉_全週期,62.0,20231108,4994,backup_v4,-6.725329981143934,0.0,61.92,0.12919896640826598,0.0,-1041.0,-1.25,50-100,30-42日
1519,main,20231220,329.0,20240131,444.0,42,+34.51%,"NT$+28,654",到期,"NT$83,026",v4,6週+6個持倉_全週期,329.0,20231220,1519,main,0.0,0.0,0.0,0.0,0.0,28654.0,34.51,300-500,30-42日
6515,main,20240103,800.0,20240214,768.0,42,-4.44%,"NT$-3,701",到期,"NT$83,319",v4,6週+6個持倉_全週期,800.0,20240103,6515,main,0.0,0.0,0.0,0.0,0.0,-3701.0,-4.44,500+,30-42日
2732,backup_v4,20240131,130.5,20240215,121.0,15,-7.72%,"NT$-6,428",停損,"NT$83,247",v4,6週+6個持倉_全週期,130.5,20240131,2732,backup_v4,-7.600596125186289,0.0,130.125,0.2881844380403458,0.0,-6428.0,-7.72,100-200,14-30日
2382,backup_v4,20240110,218.0,20240221,236.0,42,+7.81%,"NT$+6,500",到期,"NT$83,176",v4,6週+6個持倉_全週期,218.0,20240110,2382,backup_v4,-6.910193923052992,0.0,212.75,2.4676850763807283,0.0,6500.0,7.81,200-300,30-42日
2603,backup_v4,20240110,148.0,20240221,155.0,42,+4.29%,"NT$+3,571",到期,"NT$83,295",v4,6週+6個持倉_全週期,148.0,20240110,2603,backup_v4,-8.614853046440661,0.0,147.275,0.492276353759969,0.0,3571.0,4.29,100-200,30-42日
3413,backup_v4,20240110,211.0,20240221,230.0,42,+8.56%,"NT$+7,128",到期,"NT$83,252",v4,6週+6個持倉_全週期,211.0,20240110,3413,backup_v4,-5.590201696724535,0.0,204.625,3.1154551007941356,0.0,7128.0,8.56,200-300,30-42日
4958,backup_v4,20240110,103.0,20240221,99.2,42,-4.13%,"NT$-3,439",到期,"NT$83,239",v4,6週+6個持倉_全週期,103.0,20240110,4958,backup_v4,-7.056367432150314,0.0,107.7,-4.363974001857013,0.0,-3439.0,-4.13,100-200,30-42日
6462,main,20240306,293.5,20240307,265.5,1,-9.98%,"NT$-8,303",停損,"NT$83,179",v4,6週+6個持倉_全週期,293.5,20240306,6462,main,0.0,0.0,0.0,0.0,0.0,-8303.0,-9.98,200-300,<7日
6122,backup_v4,20240320,69.0,20240411,63.3,22,-8.70%,"NT$-7,253",停損,"NT$83,333",v4,6週+6個持倉_全週期,69.0,20240320,6122,backup_v4,-7.010416666666666,0.0,67.56,2.131438721136764,0.0,-7253.0,-8.7,50-100,14-30日
6409,backup_v4,20240320,1615.0,20240422,1465.0,33,-9.73%,"NT$-8,026",停損,"NT$82,482",v4,6週+6個持倉_全週期,1615.0,20240320,6409,backup_v4,-24.920673663656334,0.0,1641.5,-1.6143770941212305,0.0,-8026.0,-9.73,500+,30-42日
1216,backup_v4,20240320,76.5,20240501,76.5,42,-0.44%,NT$-368,到期,"NT$83,274",v4,6週+6個持倉_全週期,76.5,20240320,1216,backup_v4,-5.178712175730784,0.0,76.435,0.08503957611041764,0.0,-368.0,-0.44,50-100,30-42日
2317,backup_v4,20240320,138.0,20240501,156.0,42,+12.60%,"NT$+10,501",到期,"NT$83,333",v4,6週+6個持倉_全週期,138.0,20240320,2317,backup_v4,-9.289139462061136,0.0,113.275,21.827411167512683,0.0,10501.0,12.6,100-200,30-42日
3030,backup_v4,20240320,80.5,20240501,106.0,42,+31.23%,"NT$+26,011",到期,"NT$83,275",v4,6週+6個持倉_全週期,80.5,20240320,3030,backup_v4,-6.021468342804661,0.0,75.695,6.347843318581157,0.0,26011.0,31.23,50-100,30-42日
4584,backup_v4,20240320,62.1,20240501,69.0,42,+10.67%,"NT$+8,890",到期,"NT$83,333",v4,6週+6個持倉_全週期,62.1,20240320,4584,backup_v4,-8.178844056706652,0.0,55.645,11.600323479198487,0.0,8890.0,10.67,50-100,30-42日
2404,main,20240424,412.5,20240508,383.0,14,-7.59%,"NT$-6,305",停損,"NT$83,031",v4,6週+6個持倉_全週期,412.5,20240424,2404,main,0.0,0.0,0.0,0.0,0.0,-6305.0,-7.59,300-500,7-14日
6143,backup_v4,20240508,126.5,20240515,117.0,7,-7.95%,"NT$-6,619",停損,"NT$83,229",v4,6週+6個持倉_全週期,126.5,20240508,6143,backup_v4,-8.329217628773131,0.0,108.855,16.20963667263791,0.0,-6619.0,-7.95,100-200,<7日
3679,backup_v4,20240508,146.5,20240614,132.5,37,-10.00%,"NT$-8,332",停損,"NT$83,331",v4,6週+6個持倉_全週期,146.5,20240508,3679,backup_v4,-5.915670232850849,0.0,130.35,12.389719984656699,0.0,-8332.0,-10.0,100-200,30-42日
2545,backup_v4,20240508,60.5,20240619,56.8,42,-6.56%,"NT$-5,463",到期,"NT$83,306",v4,6週+6個持倉_全週期,60.5,20240508,2545,backup_v4,-7.267120498050852,0.0,55.0025,9.995000227262402,0.0,-5463.0,-6.56,50-100,30-42日
2609,backup_v4,20240508,52.2,20240619,75.0,42,+43.24%,"NT$+36,026",到期,"NT$83,325",v4,6週+6個持倉_全週期,52.2,20240508,2609,backup_v4,-5.325497455742951,0.0,47.7825,9.24501648092922,0.0,36026.0,43.24,50-100,30-42日
3003,backup_v4,20240508,78.0,20240619,76.6,42,-2.24%,"NT$-1,863",到期,"NT$83,266",v4,6週+6個持倉_全週期,78.0,20240508,3003,backup_v4,-5.452515051466304,0.0,72.745,7.223864183105361,0.0,-1863.0,-2.24,50-100,30-42日
3466,backup_v4,20240508,57.1,20240619,87.8,42,+53.32%,"NT$+44,425",到期,"NT$83,313",v4,6週+6個持倉_全週期,57.1,20240508,3466,backup_v4,-21.164838560173028,0.0,43.3525,31.710973992272656,0.0,44425.0,53.32,50-100,30-42日
2451,backup_v4,20240626,124.5,20240628,115.0,2,-8.07%,"NT$-6,724",停損,"NT$83,285",v4,6週+6個持倉_全週期,124.5,20240626,2451,backup_v4,-5.757190817530169,0.0,121.225,2.70158795627965,0.0,-6724.0,-8.07,100-200,<7日
2383,backup_v4,20240703,492.5,20240718,447.5,15,-9.58%,"NT$-7,937",停損,"NT$82,858",v4,6週+6個持倉_全週期,492.5,20240703,2383,backup_v4,-10.46116174670113,0.0,456.1,7.980705985529483,0.0,-7937.0,-9.58,300-500,14-30日
5483,backup_v4,20240626,221.5,20240726,199.5,30,-10.37%,"NT$-8,630",停損,"NT$83,181",v4,6週+6個持倉_全週期,221.5,20240626,5483,backup_v4,-6.054178075520298,0.0,212.125,4.419563936358279,0.0,-8630.0,-10.37,200-300,14-30日
5904,main,20240619,529.0,20240731,514.0,42,-3.28%,"NT$-2,726",到期,"NT$83,171",v4,6週+6個持倉_全週期,529.0,20240619,5904,main,0.0,0.0,0.0,0.0,0.0,-2726.0,-3.28,500+,30-42日
6231,main,20240619,398.0,20240731,410.5,42,+2.70%,"NT$+2,248",到期,"NT$83,301",v4,6週+6個持倉_全週期,398.0,20240619,6231,main,0.0,0.0,0.0,0.0,0.0,2248.0,2.7,300-500,30-42日
1615,backup_v4,20240626,69.3,20240805,60.8,40,-12.71%,"NT$-10,583",停損,"NT$83,279",v4,6週+6個持倉_全週期,69.3,20240626,1615,backup_v4,-6.446991404011461,0.0,70.28,-1.3944223107569778,0.0,-10583.0,-12.71,50-100,30-42日
2739,backup_v4,20240731,67.5,20240805,61.7,5,-9.04%,"NT$-7,524",停損,"NT$83,279",v4,6週+6個持倉_全週期,67.5,20240731,2739,backup_v4,-17.41160773849233,0.0,65.17,3.5752646923431,0.0,-7524.0,-9.04,50-100,<7日
5519,backup_v4,20240731,55.4,20240805,49.15,5,-11.72%,"NT$-9,770",停損,"NT$83,329",v4,6週+6個持倉_全週期,55.4,20240731,5519,backup_v4,-7.215189873417721,0.0,51.2225,8.155595685489779,0.0,-9770.0,-11.72,50-100,<7日
6228,backup_v4,20240731,72.9,20240805,66.1,5,-9.77%,"NT$-8,138",停損,"NT$83,297",v4,6週+6個持倉_全週期,72.9,20240731,6228,backup_v4,-5.694879832810868,0.0,48.265,51.04112711074278,0.0,-8138.0,-9.77,50-100,<7日
5534,backup_v4,20240731,136.5,20240806,118.5,6,-13.63%,"NT$-11,346",停損,"NT$83,247",v4,6週+6個持倉_全週期,136.5,20240731,5534,backup_v4,-8.322005739314303,0.0,125.625,8.656716417910449,0.0,-11346.0,-13.63,100-200,<7日
3374,backup_v4,20240626,177.0,20240807,209.5,42,+17.92%,"NT$+14,928",到期,"NT$83,309",v4,6週+6個持倉_全週期,177.0,20240626,3374,backup_v4,-19.651320243737306,0.0,154.925,14.24883007907051,0.0,14928.0,17.92,100-200,30-42日
2597,backup_v4,20240807,205.0,20240814,154.0,7,-25.32%,"NT$-21,052",停損,"NT$83,143",v4,6週+6個持倉_全週期,205.0,20240807,2597,backup_v4,-5.515565952852258,0.0,202.725,1.1222098902454092,0.0,-21052.0,-25.32,200-300,<7日
2363,backup_v4,20240807,70.6,20240904,62.4,28,-12.06%,"NT$-10,042",停損,"NT$83,285",v4,6週+6個持倉_全週期,70.6,20240807,2363,backup_v4,-15.138244419428352,0.0,64.1,10.14040561622465,0.0,-10042.0,-12.06,50-100,14-30日
2548,backup_v4,20240807,145.0,20240910,133.5,34,-8.37%,"NT$-6,967",停損,"NT$83,203",v4,6週+6個持倉_全週期,145.0,20240807,2548,backup_v4,-9.683570704963948,0.0,158.0,-8.227848101265822,0.0,-6967.0,-8.37,100-200,30-42日
5347,backup_v4,20240814,119.0,20240910,107.5,27,-10.11%,"NT$-8,419",停損,"NT$83,300",v4,6週+6個持倉_全週期,119.0,20240814,5347,backup_v4,-5.42505827017823,0.0,117.975,0.8688281415554191,0.0,-8419.0,-10.11,100-200,14-30日
4420,backup_v4,20240807,63.4,20240916,55.2,40,-13.38%,"NT$-11,142",停損,"NT$83,299",v4,6週+6個持倉_全週期,63.4,20240807,4420,backup_v4,-6.545852210592094,0.0,60.175,5.3593685085168286,0.0,-11142.0,-13.38,50-100,30-42日
6629,backup_v4,20240807,121.0,20240918,131.5,42,+8.24%,"NT$+6,855",到期,"NT$83,245",v4,6週+6個持倉_全週期,121.0,20240807,6629,backup_v4,-15.148413510747186,0.0,116.5,3.862660944206009,0.0,6855.0,8.24,100-200,30-42日
2250,backup_v4,20240814,94.4,20240925,106.5,42,+12.38%,"NT$+10,307",到期,"NT$83,285",v4,6週+6個持倉_全週期,94.4,20240814,2250,backup_v4,-5.30579181855002,0.0,92.395,2.1700308458250013,0.0,10307.0,12.38,50-100,30-42日
8249,backup_v4,20240918,56.9,20241004,50.8,16,-11.16%,"NT$-9,300",停損,"NT$83,306",v4,6週+6個持倉_全週期,56.9,20240918,8249,backup_v4,-5.477646266898525,0.0,36.76,54.78781284004353,0.0,-9300.0,-11.16,50-100,14-30日
1472,backup_v4,20240904,59.3,20241016,60.5,42,+1.58%,"NT$+1,317",到期,"NT$83,316",v4,6週+6個持倉_全週期,59.3,20240904,1472,backup_v4,-12.7838519764508,0.0,57.285,3.5175002182072106,0.0,1317.0,1.58,50-100,30-42日
3081,backup_v4,20240911,192.5,20241023,362.0,42,+87.61%,"NT$+72,960",到期,"NT$83,279",v4,6週+6個持倉_全週期,192.5,20240911,3081,backup_v4,-20.543543379990197,0.0,157.375,22.319301032565527,0.0,72960.0,87.61,100-200,30-42日
3227,backup_v4,20240911,223.5,20241023,254.5,42,+13.43%,"NT$+11,180",到期,"NT$83,260",v4,6週+6個持倉_全週期,223.5,20240911,3227,backup_v4,-9.501187648456057,0.0,205.45,8.785592601606236,0.0,11180.0,13.43,200-300,30-42日
6274,backup_v4,20240918,174.5,20241029,161.0,41,-8.18%,"NT$-6,803",停損,"NT$83,180",v4,6週+6個持倉_全週期,174.5,20240918,6274,backup_v4,-10.163434299411636,0.0,171.475,1.764105554745593,0.0,-6803.0,-8.18,100-200,30-42日
2397,backup_v4,20241030,86.3,20241108,79.8,9,-7.97%,"NT$-6,644",停損,"NT$83,312",v4,6週+6個持倉_全週期,86.3,20241030,2397,backup_v4,-7.9340046099720976,0.0,79.165,9.012821322554148,0.0,-6644.0,-7.97,50-100,7-14日
8155,backup_v4,20241030,144.5,20241108,132.0,9,-9.09%,"NT$-7,566",停損,"NT$83,206",v4,6週+6個持倉_全週期,144.5,20241030,8155,backup_v4,-13.814432989690722,0.0,141.575,2.066042733533471,0.0,-7566.0,-9.09,100-200,7-14日
6208,backup_v4,20241030,59.1,20241118,54.5,19,-8.23%,"NT$-6,855",停損,"NT$83,331",v4,6週+6個持倉_全週期,59.1,20241030,6208,backup_v4,-35.23877917414722,0.0,62.66,-5.681455473986587,0.0,-6855.0,-8.23,50-100,14-30日
2354,backup_v4,20241030,80.6,20241211,83.8,42,+3.53%,"NT$+2,939",到期,"NT$83,298",v4,6週+6個持倉_全週期,80.6,20241030,2354,backup_v4,-6.437897754522479,0.0,68.45,17.750182615047468,0.0,2939.0,3.53,50-100,30-42日
4961,backup_v4,20241030,247.5,20241211,236.0,42,-5.09%,"NT$-4,238",到期,"NT$83,279",v4,6週+6個持倉_全週期,247.5,20241030,4961,backup_v4,-5.064893953782843,0.0,271.5,-8.83977900552486,0.0,-4238.0,-5.09,200-300,30-42日
3563,main,20250312,569.0,20250327,523.0,15,-8.53%,"NT$-7,094",停損,"NT$83,192",v4,6週+6個持倉_全週期,569.0,20250312,3563,main,0.0,0.0,0.0,0.0,0.0,-7094.0,-8.53,500+,14-30日
6643,main,20250312,690.0,20250331,582.0,19,-16.09%,"NT$-13,345",停損,"NT$82,918",v4,6週+6個持倉_全週期,690.0,20250312,6643,main,0.0,0.0,0.0,0.0,0.0,-13345.0,-16.09,500+,14-30日
7722,main,20250326,724.0,20250331,630.0,5,-13.43%,"NT$-11,097",停損,"NT$82,654",v4,6週+6個持倉_全週期,724.0,20250326,7722,main,0.0,0.0,0.0,0.0,0.0,-11097.0,-13.43,500+,<7日
2753,backup_v4,20250416,191.0,20250422,176.0,6,-8.30%,"NT$-6,902",停損,"NT$83,203",v4,6週+6個持倉_全週期,191.0,20250416,2753,backup_v4,-7.240806150010388,0.0,175.4,8.8939566704675,0.0,-6902.0,-8.3,100-200,<7日
6865,backup_v4,20250430,79.9,20250507,71.2,7,-11.33%,"NT$-9,438",停損,"NT$83,294",v4,6週+6個持倉_全週期,79.9,20250430,6865,backup_v4,-10.13888888888889,0.0,72.395,10.366738034394654,0.0,-9438.0,-11.33,50-100,<7日
6023,backup_v4,20250416,80.6,20250528,83.6,42,+3.28%,"NT$+2,732",到期,"NT$83,298",v4,6週+6個持倉_全週期,80.6,20250416,6023,backup_v4,-8.583716623857596,0.0,80.82,-0.27220984904726414,0.0,2732.0,3.28,50-100,30-42日
6680,backup_v4,20250430,79.3,20250529,0.0,29,-100.44%,"NT$-83,673",停損,"NT$83,304",v4,6週+6個持倉_全週期,79.3,20250430,6680,backup_v4,-6.480648064806481,0.0,75.625,4.859504132231401,0.0,-83673.0,-100.44,50-100,14-30日
4571,backup_v4,20250430,151.5,20250611,160.5,42,+5.50%,"NT$+4,579",到期,"NT$83,292",v4,6週+6個持倉_全週期,151.5,20250430,4571,backup_v4,-5.872756933115824,0.0,142.575,6.259863229879019,0.0,4579.0,5.5,100-200,30-42日
7631,backup_v4,20250430,101.5,20250611,103.5,42,+1.53%,"NT$+1,272",到期,"NT$83,247",v4,6週+6個持倉_全週期,101.5,20250430,7631,backup_v4,-8.680555555555555,0.0,98.63,2.9098651525904944,0.0,1272.0,1.53,100-200,30-42日
7718,backup_v4,20250430,51.0,20250611,50.8,42,-0.83%,NT$-695,到期,"NT$83,300",v4,6週+6個持倉_全週期,51.0,20250430,7718,backup_v4,-14.136125654450263,0.0,50.59,0.8104368452263225,0.0,-695.0,-0.83,50-100,30-42日
3036,backup_v4,20250507,116.0,20250618,129.5,42,+11.20%,"NT$+9,325",到期,"NT$83,291",v4,6週+6個持倉_全週期,116.0,20250507,3036,backup_v4,-5.462538068267945,0.0,103.855,11.694189013528474,0.0,9325.0,11.2,100-200,30-42日
4749,main,20250618,657.0,20250704,596.0,16,-9.73%,"NT$-8,064",停損,"NT$82,900",v4,6週+6個持倉_全週期,657.0,20250618,4749,main,0.0,0.0,0.0,0.0,0.0,-8064.0,-9.73,500+,14-30日
1583,backup_v4,20250528,59.5,20250707,55.2,40,-7.67%,"NT$-6,389",停損,"NT$83,300",v4,6週+6個持倉_全週期,59.5,20250528,1583,backup_v4,-5.084745762711865,0.0,59.595,-0.15940934642167776,0.0,-6389.0,-7.67,50-100,30-42日
6919,main,20250702,1345.0,20250707,1240.0,5,-8.25%,"NT$-6,778",停損,"NT$82,162",v4,6週+6個持倉_全週期,1345.0,20250702,6919,main,0.0,0.0,0.0,0.0,0.0,-6778.0,-8.25,500+,<7日
3231,backup_v4,20250603,109.5,20250715,120.0,42,+9.15%,"NT$+7,613",到期,"NT$83,229",v4,6週+6個持倉_全週期,109.5,20250603,3231,backup_v4,-6.980236578300021,0.0,111.425,-1.7276194749831701,0.0,7613.0,9.15,100-200,30-42日
3131,main,20250716,1655.0,20250724,1530.0,8,-8.00%,"NT$-6,626",停損,"NT$82,868",v4,6週+6個持倉_全週期,1655.0,20250716,3131,main,0.0,0.0,0.0,0.0,0.0,-6626.0,-8.0,500+,7-14日
5536,main,20250723,494.5,20250903,854.0,42,+72.26%,"NT$+60,114",到期,"NT$83,194",v4,6週+6個持倉_全週期,494.5,20250723,5536,main,0.0,0.0,0.0,0.0,0.0,60114.0,72.26,300-500,30-42日
3450,backup_v4,20251008,283.0,20251013,262.5,5,-7.69%,"NT$-6,404",停損,"NT$83,321",v4,6週+6個持倉_全週期,283.0,20251008,3450,backup_v4,-16.002182246277975,0.0,249.25,13.54062186559679,0.0,-6404.0,-7.69,200-300,<7日
3037,backup_v4,20251008,160.0,20251014,146.0,6,-9.19%,"NT$-7,659",停損,"NT$83,319",v4,6週+6個持倉_全週期,160.0,20251008,3037,backup_v4,-11.6503422653734,0.0,151.25,5.785123966942149,0.0,-7659.0,-9.19,100-200,<7日
3709,backup_v4,20251014,58.5,20251015,53.2,1,-9.50%,"NT$-7,916",停損,"NT$83,306",v4,6週+6個持倉_全週期,58.5,20251014,3709,backup_v4,-25.221491854815664,0.0,45.105,29.697372796807457,0.0,-7916.0,-9.5,50-100,<7日
6720,backup_v4,20251001,134.5,20251020,123.5,19,-8.62%,"NT$-7,176",停損,"NT$83,239",v4,6週+6個持倉_全週期,134.5,20251001,6720,backup_v4,-5.633802816901409,0.0,132.25,1.7013232514177694,0.0,-7176.0,-8.62,100-200,14-30日
7747,backup_v4,20251001,141.5,20251029,131.5,28,-7.51%,"NT$-6,257",停損,"NT$83,321",v4,6週+6個持倉_全週期,141.5,20251001,7747,backup_v4,-15.369261477045908,0.0,138.875,1.8901890189018902,0.0,-6257.0,-7.51,100-200,14-30日
6994,backup_v4,20251001,95.2,20251112,94.0,42,-1.70%,"NT$-1,419",到期,"NT$83,323",v4,6週+6個持倉_全週期,95.2,20251001,6994,backup_v4,-5.461465271170314,0.0,92.955,2.4151471141950456,0.0,-1419.0,-1.7,50-100,30-42日
3260,backup_v4,20251008,175.5,20251119,191.0,42,+8.39%,"NT$+6,989",到期,"NT$83,306",v4,6週+6個持倉_全週期,175.5,20251008,3260,backup_v4,-8.951323097027116,0.0,141.925,23.656861018143378,0.0,6989.0,8.39,100-200,30-42日
3189,backup_v4,20251014,122.5,20251125,137.5,42,+11.80%,"NT$+9,831",到期,"NT$83,296",v4,6週+6個持倉_全週期,122.5,20251014,3189,backup_v4,-15.228314377864539,0.0,113.275,8.143897594350028,0.0,9831.0,11.8,100-200,30-42日
6442,main,20251203,1250.0,20251218,1110.0,15,-11.64%,"NT$-9,619",停損,"NT$82,618",v4,6週+6個持倉_全週期,1250.0,20251203,6442,main,0.0,0.0,0.0,0.0,0.0,-9619.0,-11.64,500+,14-30日
2066,backup_v4,20230308,90.0,20230316,83.5,8,-7.66%,"NT$-12,773",停損,"NT$166,647",v4,90天+3個持倉_2023年,90.0,20230308,2066,backup_v4,-7.217847769028872,0.0,86.385,4.184754297621109,0.0,-12773.0,-7.66,50-100,7-14日
6472,main,20230222,493.0,20230523,807.0,90,+63.25%,"NT$+105,233",到期,"NT$166,378",v4,90天+3個持倉_2023年,493.0,20230222,6472,main,0.0,0.0,0.0,0.0,0.0,105233.0,63.25,300-500,42-90日
2474,backup_v4,20230308,187.5,20230606,188.0,90,-0.18%,NT$-293,到期,"NT$166,549",v4,90天+3個持倉_2023年,187.5,20230308,2474,backup_v4,-5.166232073011734,0.0,187.8,-0.15974440894569295,0.0,-293.0,-0.18,100-200,42-90日
1795,main,20230524,334.5,20230608,311.0,15,-7.47%,"NT$-12,433",停損,"NT$166,483",v4,90天+3個持倉_2023年,334.5,20230524,1795,main,0.0,0.0,0.0,0.0,0.0,-12433.0,-7.47,300-500,14-30日
1580,backup_v4,20230607,134.5,20230609,124.5,2,-7.88%,"NT$-13,125",停損,"NT$166,614",v4,90天+3個持倉_2023年,134.5,20230607,1580,backup_v4,-5.374177079134757,0.0,129.225,4.082027471464505,0.0,-13125.0,-7.88,100-200,<7日
8046,main,20230531,303.0,20230615,281.0,15,-7.70%,"NT$-12,832",停損,"NT$166,584",v4,90天+3個持倉_2023年,303.0,20230531,8046,main,0.0,0.0,0.0,0.0,0.0,-12832.0,-7.7,300-500,14-30日
2330,backup_v4,20230614,590.0,20230811,546.0,58,-7.90%,"NT$-13,163",停損,"NT$166,617",v4,90天+3個持倉_2023年,590.0,20230614,2330,backup_v4,-8.138326349625567,0.0,556.3,6.0578824375337135,0.0,-13163.0,-7.9,500+,42-90日
2308,backup_v4,20230614,353.0,20230912,332.5,90,-6.25%,"NT$-10,406",到期,"NT$166,500",v4,90天+3個持倉_2023年,353.0,20230614,2308,backup_v4,-5.245006321112515,0.0,318.675,10.771161842002035,0.0,-10406.0,-6.25,300-500,42-90日
1560,backup_v4,20230621,127.0,20230919,139.0,90,+9.01%,"NT$+15,005",到期,"NT$166,607",v4,90天+3個持倉_2023年,127.0,20230621,1560,backup_v4,-12.54371122391427,0.0,121.025,4.936996488328853,0.0,15005.0,9.01,100-200,42-90日
8081,backup_v4,20230816,226.5,20231114,269.0,90,+18.32%,"NT$+30,503",到期,"NT$166,488",v4,90天+3個持倉_2023年,226.5,20230816,8081,backup_v4,-5.36972352140193,0.0,213.0,6.338028169014084,0.0,30503.0,18.32,200-300,42-90日
2385,backup_v4,20230913,114.0,20231212,169.0,90,+47.80%,"NT$+79,622",到期,"NT$166,563",v4,90天+3個持倉_2023年,114.0,20230913,2385,backup_v4,-5.614692891868704,0.0,105.525,8.031272210376681,0.0,79622.0,47.8,100-200,42-90日
3592,main,20230920,358.5,20231219,388.0,90,+7.79%,"NT$+12,970",到期,"NT$166,581",v4,90天+3個持倉_2023年,358.5,20230920,3592,main,0.0,0.0,0.0,0.0,0.0,12970.0,7.79,300-500,42-90日
3443,main,20221207,742.0,20221228,636.0,21,-14.73%,"NT$-24,514",停損,"NT$166,445",v4,90天+3個持倉_全週期,742.0,20221207,3443,main,0.0,0.0,0.0,0.0,0.0,-24514.0,-14.73,500+,14-30日
1477,backup_v4,20221221,240.0,20230131,218.0,41,-9.61%,"NT$-16,005",停損,"NT$166,557",v4,90天+3個持倉_全週期,240.0,20221221,1477,backup_v4,-5.958419263140293,0.0,235.325,1.9866142568787895,0.0,-16005.0,-9.61,200-300,30-42日
6472,main,20221207,400.0,20230307,497.5,90,+23.93%,"NT$+39,880",到期,"NT$166,637",v4,90天+3個持倉_全週期,400.0,20221207,6472,main,0.0,0.0,0.0,0.0,0.0,39880.0,23.93,300-500,42-90日
2207,backup_v4,20230208,642.0,20230316,595.0,36,-7.76%,"NT$-12,927",停損,"NT$166,515",v4,90天+3個持倉_全週期,642.0,20230208,2207,backup_v4,-8.575096277278563,0.0,629.7,1.9533111005240518,0.0,-12927.0,-7.76,500+,30-42日
2066,backup_v4,20230308,90.0,20230316,83.5,8,-7.66%,"NT$-12,773",停損,"NT$166,647",v4,90天+3個持倉_全週期,90.0,20230308,2066,backup_v4,-7.217847769028872,0.0,86.385,4.184754297621109,0.0,-12773.0,-7.66,50-100,7-14日
6719,main,20230322,332.0,20230328,307.5,6,-7.82%,"NT$-13,029",停損,"NT$166,569",v4,90天+3個持倉_全週期,332.0,20230322,6719,main,0.0,0.0,0.0,0.0,0.0,-13029.0,-7.82,300-500,<7日
3680,main,20230329,366.0,20230421,339.0,23,-7.82%,"NT$-13,012",停損,"NT$166,401",v4,90天+3個持倉_全週期,366.0,20230329,3680,main,0.0,0.0,0.0,0.0,0.0,-13012.0,-7.82,300-500,14-30日
4763,main,20230419,480.0,20230421,435.0,2,-9.82%,"NT$-16,328",停損,"NT$166,317",v4,90天+3個持倉_全週期,480.0,20230419,4763,main,0.0,0.0,0.0,0.0,0.0,-16328.0,-9.82,300-500,<7日
3044,backup_v4,20230426,113.5,20230725,150.0,90,+31.72%,"NT$+52,848",到期,"NT$166,628",v4,90天+3個持倉_全週期,113.5,20230426,3044,backup_v4,-5.176528177201249,0.0,114.1,-0.52585451358457,0.0,52848.0,31.72,100-200,42-90日
3310,backup_v4,20230426,66.9,20230725,87.5,90,+30.35%,"NT$+50,568",到期,"NT$166,617",v4,90天+3個持倉_全週期,66.9,20230426,3310,backup_v4,-6.6277836691410394,0.0,67.2,-0.4464285714285672,0.0,50568.0,30.35,50-100,42-90日
3483,backup_v4,20230809,158.0,20230811,146.5,2,-7.72%,"NT$-12,864",停損,"NT$166,611",v4,90天+3個持倉_全週期,158.0,20230809,3483,backup_v4,-12.88524215220996,0.0,137.64,14.792211566405125,0.0,-12864.0,-7.72,100-200,<7日
3147,backup_v4,20230809,76.0,20230824,69.3,15,-9.26%,"NT$-15,424",停損,"NT$166,601",v4,90天+3個持倉_全週期,76.0,20230809,3147,backup_v4,-10.793082886106141,0.0,76.035,-0.04603143289274227,0.0,-15424.0,-9.26,50-100,14-30日
1210,backup_v4,20230809,55.4,20231020,51.2,72,-8.02%,"NT$-13,372",停損,"NT$166,659",v4,90天+3個持倉_全週期,55.4,20230809,1210,backup_v4,-5.06505001284821,0.0,57.505,-3.660551256412493,0.0,-13372.0,-8.02,50-100,42-90日
8081,backup_v4,20230816,226.5,20231114,269.0,90,+18.32%,"NT$+30,503",到期,"NT$166,488",v4,90天+3個持倉_全週期,226.5,20230816,8081,backup_v4,-5.36972352140193,0.0,213.0,6.338028169014084,0.0,30503.0,18.32,200-300,42-90日
2211,backup_v4,20230830,68.4,20231128,80.9,90,+17.83%,"NT$+29,718",到期,"NT$166,654",v4,90天+3個持倉_全週期,68.4,20230830,2211,backup_v4,-12.346055591565944,0.0,66.855,2.3109715054969735,0.0,29718.0,17.83,50-100,42-90日
6789,main,20231206,305.0,20231219,277.5,13,-9.46%,"NT$-15,745",停損,"NT$166,462",v4,90天+3個持倉_全週期,305.0,20231206,6789,main,0.0,0.0,0.0,0.0,0.0,-15745.0,-9.46,300-500,7-14日
3661,main,20231115,3105.0,20240213,4105.0,90,+31.76%,"NT$+52,346",到期,"NT$164,800",v4,90天+3個持倉_全週期,3105.0,20231115,3661,main,0.0,0.0,0.0,0.0,0.0,52346.0,31.76,500+,42-90日
6462,main,20240306,293.5,20240307,265.5,1,-9.98%,"NT$-16,636",停損,"NT$166,652",v4,90天+3個持倉_全週期,293.5,20240306,6462,main,0.0,0.0,0.0,0.0,0.0,-16636.0,-9.98,200-300,<7日
6515,main,20240103,800.0,20240308,731.0,65,-9.07%,"NT$-15,110",停損,"NT$166,637",v4,90天+3個持倉_全週期,800.0,20240103,6515,main,0.0,0.0,0.0,0.0,0.0,-15110.0,-9.07,500+,42-90日
1519,main,20231220,329.0,20240319,660.0,90,+100.17%,"NT$+166,657",到期,"NT$166,382",v4,90天+3個持倉_全週期,329.0,20231220,1519,main,0.0,0.0,0.0,0.0,0.0,166657.0,100.17,300-500,42-90日
1216,backup_v4,20240320,76.5,20240618,81.5,90,+6.09%,"NT$+10,153",到期,"NT$166,625",v4,90天+3個持倉_全週期,76.5,20240320,1216,backup_v4,-5.178712175730784,0.0,76.435,0.08503957611041764,0.0,10153.0,6.09,50-100,42-90日
2317,backup_v4,20240320,138.0,20240618,198.5,90,+43.40%,"NT$+72,329",到期,"NT$166,665",v4,90天+3個持倉_全週期,138.0,20240320,2317,backup_v4,-9.289139462061136,0.0,113.275,21.827411167512683,0.0,72329.0,43.4,100-200,42-90日
3030,backup_v4,20240320,80.5,20240618,172.5,90,+113.84%,"NT$+189,698",到期,"NT$166,631",v4,90天+3個持倉_全週期,80.5,20240320,3030,backup_v4,-6.021468342804661,0.0,75.695,6.347843318581157,0.0,189698.0,113.84,50-100,42-90日
6231,main,20240619,398.0,20240805,347.5,47,-13.13%,"NT$-21,876",停損,"NT$166,601",v4,90天+3個持倉_全週期,398.0,20240619,6231,main,0.0,0.0,0.0,0.0,0.0,-21876.0,-13.13,300-500,42-90日
1615,backup_v4,20240626,69.3,20240805,60.8,40,-12.71%,"NT$-21,175",停損,"NT$166,626",v4,90天+3個持倉_全週期,69.3,20240626,1615,backup_v4,-6.446991404011461,0.0,70.28,-1.3944223107569778,0.0,-21175.0,-12.71,50-100,30-42日
2363,backup_v4,20240807,70.6,20240904,62.4,28,-12.06%,"NT$-20,092",停損,"NT$166,641",v4,90天+3個持倉_全週期,70.6,20240807,2363,backup_v4,-15.138244419428352,0.0,64.1,10.14040561622465,0.0,-20092.0,-12.06,50-100,14-30日
2548,backup_v4,20240807,145.0,20240910,133.5,34,-8.37%,"NT$-13,946",停損,"NT$166,552",v4,90天+3個持倉_全週期,145.0,20240807,2548,backup_v4,-9.683570704963948,0.0,158.0,-8.227848101265822,0.0,-13946.0,-8.37,100-200,30-42日
5904,main,20240619,529.0,20240917,544.0,90,+2.39%,"NT$+3,981",到期,"NT$166,343",v4,90天+3個持倉_全週期,529.0,20240619,5904,main,0.0,0.0,0.0,0.0,0.0,3981.0,2.39,500+,42-90日
6274,backup_v4,20240918,174.5,20241029,161.0,41,-8.18%,"NT$-13,621",停損,"NT$166,535",v4,90天+3個持倉_全週期,174.5,20240918,6274,backup_v4,-10.163434299411636,0.0,171.475,1.764105554745593,0.0,-13621.0,-8.18,100-200,30-42日
1472,backup_v4,20240904,59.3,20241203,65.0,90,+9.17%,"NT$+15,280",到期,"NT$166,633",v4,90天+3個持倉_全週期,59.3,20240904,1472,backup_v4,-12.7838519764508,0.0,57.285,3.5175002182072106,0.0,15280.0,9.17,50-100,42-90日
3081,backup_v4,20240911,192.5,20241210,355.5,90,+84.23%,"NT$+140,296",到期,"NT$166,557",v4,90天+3個持倉_全週期,192.5,20240911,3081,backup_v4,-20.543543379990197,0.0,157.375,22.319301032565527,0.0,140296.0,84.23,100-200,42-90日
2354,backup_v4,20241030,80.6,20241231,74.4,62,-8.13%,"NT$-13,552",停損,"NT$166,595",v4,90天+3個持倉_全週期,80.6,20241030,2354,backup_v4,-6.437897754522479,0.0,68.45,17.750182615047468,0.0,-13552.0,-8.13,50-100,42-90日
3563,main,20250312,569.0,20250327,523.0,15,-8.53%,"NT$-14,187",停損,"NT$166,385",v4,90天+3個持倉_全週期,569.0,20250312,3563,main,0.0,0.0,0.0,0.0,0.0,-14187.0,-8.53,500+,14-30日
6643,main,20250312,690.0,20250331,582.0,19,-16.09%,"NT$-26,802",停損,"NT$166,527",v4,90天+3個持倉_全週期,690.0,20250312,6643,main,0.0,0.0,0.0,0.0,0.0,-26802.0,-16.09,500+,14-30日
7722,main,20250326,724.0,20250331,630.0,5,-13.43%,"NT$-22,291",停損,"NT$166,032",v4,90天+3個持倉_全週期,724.0,20250326,7722,main,0.0,0.0,0.0,0.0,0.0,-22291.0,-13.43,500+,<7日
2753,backup_v4,20250416,191.0,20250422,176.0,6,-8.30%,"NT$-13,821",停損,"NT$166,598",v4,90天+3個持倉_全週期,191.0,20250416,2753,backup_v4,-7.240806150010388,0.0,175.4,8.8939566704675,0.0,-13821.0,-8.3,100-200,<7日
6680,backup_v4,20250430,79.3,20250529,0.0,29,-100.44%,"NT$-167,346",停損,"NT$166,608",v4,90天+3個持倉_全週期,79.3,20250430,6680,backup_v4,-6.480648064806481,0.0,75.625,4.859504132231401,0.0,-167346.0,-100.44,50-100,14-30日
6023,backup_v4,20250416,80.6,20250715,82.8,90,+2.29%,"NT$+3,810",到期,"NT$166,595",v4,90天+3個持倉_全週期,80.6,20250416,6023,backup_v4,-8.583716623857596,0.0,80.82,-0.27220984904726414,0.0,3810.0,2.29,50-100,42-90日
3131,main,20250716,1655.0,20250724,1530.0,8,-8.00%,"NT$-13,251",停損,"NT$165,736",v4,90天+3個持倉_全週期,1655.0,20250716,3131,main,0.0,0.0,0.0,0.0,0.0,-13251.0,-8.0,500+,7-14日
4571,backup_v4,20250430,151.5,20250729,164.5,90,+8.14%,"NT$+13,557",到期,"NT$166,584",v4,90天+3個持倉_全週期,151.5,20250430,4571,backup_v4,-5.872756933115824,0.0,142.575,6.259863229879019,0.0,13557.0,8.14,100-200,42-90日
3231,backup_v4,20250603,109.5,20250901,109.5,90,-0.44%,NT$-737,到期,"NT$166,568",v4,90天+3個持倉_全週期,109.5,20250603,3231,backup_v4,-6.980236578300021,0.0,111.425,-1.7276194749831701,0.0,-737.0,-0.44,100-200,42-90日
6720,backup_v4,20251001,134.5,20251020,123.5,19,-8.62%,"NT$-14,364",停損,"NT$166,614",v4,90天+3個持倉_全週期,134.5,20251001,6720,backup_v4,-5.633802816901409,0.0,132.25,1.7013232514177694,0.0,-14364.0,-8.62,100-200,14-30日
7747,backup_v4,20251001,141.5,20251029,131.5,28,-7.51%,"NT$-12,514",停損,"NT$166,641",v4,90天+3個持倉_全週期,141.5,20251001,7747,backup_v4,-15.369261477045908,0.0,138.875,1.8901890189018902,0.0,-12514.0,-7.51,100-200,14-30日
6994,backup_v4,20251001,95.2,20251114,87.0,44,-9.06%,"NT$-15,091",停損,"NT$166,647",v4,90天+3個持倉_全週期,95.2,20251001,6994,backup_v4,-5.461465271170314,0.0,92.955,2.4151471141950456,0.0,-15091.0,-9.06,50-100,42-90日
6442,main,20251203,1250.0,20251218,1110.0,15,-11.64%,"NT$-19,383",停損,"NT$166,487",v4,90天+3個持倉_全週期,1250.0,20251203,6442,main,0.0,0.0,0.0,0.0,0.0,-19383.0,-11.64,500+,14-30日
3617,backup_v4,20230308,126.0,20230309,113.5,1,-10.36%,"NT$-8,630",停損,"NT$83,279",v4,90天+6個持倉_2023年,126.0,20230308,3617,backup_v4,-6.142441090812814,0.0,121.0,4.132231404958678,0.0,-8630.0,-10.36,100-200,<7日
2707,backup_v4,20230308,292.5,20230313,269.5,5,-8.31%,"NT$-6,909",停損,"NT$83,188",v4,90天+6個持倉_2023年,292.5,20230308,2707,backup_v4,-5.018917458111343,0.0,283.525,3.1655056873291683,0.0,-6909.0,-8.31,200-300,<7日
2066,backup_v4,20230308,90.0,20230316,83.5,8,-7.66%,"NT$-6,383",停損,"NT$83,279",v4,90天+6個持倉_2023年,90.0,20230308,2066,backup_v4,-7.217847769028872,0.0,86.385,4.184754297621109,0.0,-6383.0,-7.66,50-100,7-14日
6719,main,20230322,332.0,20230328,307.5,6,-7.82%,"NT$-6,502",停損,"NT$83,118",v4,90天+6個持倉_2023年,332.0,20230322,6719,main,0.0,0.0,0.0,0.0,0.0,-6502.0,-7.82,300-500,<7日
3680,main,20230329,366.0,20230421,339.0,23,-7.82%,"NT$-6,506",停損,"NT$83,200",v4,90天+6個持倉_2023年,366.0,20230329,3680,main,0.0,0.0,0.0,0.0,0.0,-6506.0,-7.82,300-500,14-30日
2637,backup_v4,20230308,67.2,20230425,62.0,48,-8.18%,"NT$-6,815",停損,"NT$83,312",v4,90天+6個持倉_2023年,67.2,20230308,2637,backup_v4,-8.836071742129688,0.0,64.085,4.860731840524318,0.0,-6815.0,-8.18,50-100,42-90日
6472,main,20230222,493.0,20230523,807.0,90,+63.25%,"NT$+52,460",到期,"NT$82,942",v4,90天+6個持倉_2023年,493.0,20230222,6472,main,0.0,0.0,0.0,0.0,0.0,52460.0,63.25,300-500,42-90日
2474,backup_v4,20230308,187.5,20230606,188.0,90,-0.18%,NT$-146,到期,"NT$83,181",v4,90天+6個持倉_2023年,187.5,20230308,2474,backup_v4,-5.166232073011734,0.0,187.8,-0.15974440894569295,0.0,-146.0,-0.18,100-200,42-90日
1795,main,20230524,334.5,20230608,311.0,15,-7.47%,"NT$-6,204",停損,"NT$83,074",v4,90天+6個持倉_2023年,334.5,20230524,1795,main,0.0,0.0,0.0,0.0,0.0,-6204.0,-7.47,300-500,14-30日
1580,backup_v4,20230607,134.5,20230609,124.5,2,-7.88%,"NT$-6,557",停損,"NT$83,239",v4,90天+6個持倉_2023年,134.5,20230607,1580,backup_v4,-5.374177079134757,0.0,129.225,4.082027471464505,0.0,-6557.0,-7.88,100-200,<7日
8046,main,20230531,303.0,20230615,281.0,15,-7.70%,"NT$-6,404",停損,"NT$83,140",v4,90天+6個持倉_2023年,303.0,20230531,8046,main,0.0,0.0,0.0,0.0,0.0,-6404.0,-7.7,300-500,14-30日
3675,main,20230412,299.5,20230711,293.0,90,-2.61%,"NT$-2,171",到期,"NT$83,080",v4,90天+6個持倉_2023年,299.5,20230412,3675,main,0.0,0.0,0.0,0.0,0.0,-2171.0,-2.61,200-300,42-90日
2207,backup_v4,20230426,660.0,20230725,774.0,90,+16.83%,"NT$+14,016",到期,"NT$83,279",v4,90天+6個持倉_2023年,660.0,20230426,2207,backup_v4,-7.657127923690056,0.0,644.85,2.3493835775761767,0.0,14016.0,16.83,500+,42-90日
3044,backup_v4,20230426,113.5,20230725,150.0,90,+31.72%,"NT$+26,424",到期,"NT$83,314",v4,90天+6個持倉_2023年,113.5,20230426,3044,backup_v4,-5.176528177201249,0.0,114.1,-0.52585451358457,0.0,26424.0,31.72,100-200,42-90日
4551,backup_v4,20230712,146.5,20230802,135.5,21,-7.95%,"NT$-6,626",停損,"NT$83,331",v4,90天+6個持倉_2023年,146.5,20230712,4551,backup_v4,-18.92456773703211,0.0,152.175,-3.729259076720888,0.0,-6626.0,-7.95,100-200,14-30日
2731,backup_v4,20230809,159.5,20230811,144.0,2,-10.16%,"NT$-8,455",停損,"NT$83,218",v4,90天+6個持倉_2023年,159.5,20230809,2731,backup_v4,-6.903467908902691,0.0,161.05,-0.9624340266997896,0.0,-8455.0,-10.16,100-200,<7日
3483,backup_v4,20230809,158.0,20230811,146.5,2,-7.72%,"NT$-6,426",停損,"NT$83,226",v4,90天+6個持倉_2023年,158.0,20230809,3483,backup_v4,-12.88524215220996,0.0,137.64,14.792211566405125,0.0,-6426.0,-7.72,100-200,<7日
3147,backup_v4,20230809,76.0,20230824,69.3,15,-9.26%,"NT$-7,709",停損,"NT$83,262",v4,90天+6個持倉_2023年,76.0,20230809,3147,backup_v4,-10.793082886106141,0.0,76.035,-0.04603143289274227,0.0,-7709.0,-9.26,50-100,14-30日
2308,backup_v4,20230614,353.0,20230912,332.5,90,-6.25%,"NT$-5,192",到期,"NT$83,073",v4,90天+6個持倉_2023年,353.0,20230614,2308,backup_v4,-5.245006321112515,0.0,318.675,10.771161842002035,0.0,-5192.0,-6.25,300-500,42-90日
1560,backup_v4,20230621,127.0,20230919,139.0,90,+9.01%,"NT$+7,503",到期,"NT$83,304",v4,90天+6個持倉_2023年,127.0,20230621,1560,backup_v4,-12.54371122391427,0.0,121.025,4.936996488328853,0.0,7503.0,9.01,100-200,42-90日
2645,backup_v4,20230823,114.5,20230921,106.0,29,-7.87%,"NT$-6,548",停損,"NT$83,245",v4,90天+6個持倉_2023年,114.5,20230823,2645,backup_v4,-15.237618809404701,0.0,110.55,3.5730438715513366,0.0,-6548.0,-7.87,100-200,14-30日
1210,backup_v4,20230809,55.4,20231020,51.2,72,-8.02%,"NT$-6,686",停損,"NT$83,329",v4,90天+6個持倉_2023年,55.4,20230809,1210,backup_v4,-5.06505001284821,0.0,57.505,-3.660551256412493,0.0,-6686.0,-8.02,50-100,42-90日
8081,backup_v4,20230816,226.5,20231114,269.0,90,+18.32%,"NT$+15,251",到期,"NT$83,244",v4,90天+6個持倉_2023年,226.5,20230816,8081,backup_v4,-5.36972352140193,0.0,213.0,6.338028169014084,0.0,15251.0,18.32,200-300,42-90日
1477,backup_v4,20230830,334.5,20231128,373.0,90,+11.07%,"NT$+9,194",到期,"NT$83,074",v4,90天+6個持倉_2023年,334.5,20230830,1477,backup_v4,-7.2157393314166525,0.0,314.2,6.460852959898158,0.0,9194.0,11.07,300-500,42-90日
3592,main,20230920,358.5,20231219,388.0,90,+7.79%,"NT$+6,485",到期,"NT$83,291",v4,90天+6個持倉_2023年,358.5,20230920,3592,main,0.0,0.0,0.0,0.0,0.0,6485.0,7.79,300-500,42-90日
6789,main,20231206,305.0,20231219,277.5,13,-9.46%,"NT$-7,858",停損,"NT$83,078",v4,90天+6個持倉_2023年,305.0,20231206,6789,main,0.0,0.0,0.0,0.0,0.0,-7858.0,-9.46,300-500,7-14日
3443,main,20221207,742.0,20221228,636.0,21,-14.73%,"NT$-12,257",停損,"NT$83,222",v4,90天+6個持倉_全週期,742.0,20221207,3443,main,0.0,0.0,0.0,0.0,0.0,-12257.0,-14.73,500+,14-30日
1736,backup_v4,20221221,74.9,20221229,69.5,8,-7.65%,"NT$-6,377",停損,"NT$83,332",v4,90天+6個持倉_全週期,74.9,20221221,1736,backup_v4,-5.200394512687169,0.0,78.76,-4.900964956830878,0.0,-6377.0,-7.65,50-100,7-14日
2707,backup_v4,20221221,253.0,20230106,233.0,16,-8.35%,"NT$-6,937",停損,"NT$83,102",v4,90天+6個持倉_全週期,253.0,20221221,2707,backup_v4,-10.354007770902287,0.0,243.6,3.858784893267654,0.0,-6937.0,-8.35,200-300,14-30日
1477,backup_v4,20221221,240.0,20230131,218.0,41,-9.61%,"NT$-7,991",停損,"NT$83,158",v4,90天+6個持倉_全週期,240.0,20221221,1477,backup_v4,-5.958419263140293,0.0,235.325,1.9866142568787895,0.0,-7991.0,-9.61,200-300,30-42日
6472,main,20221207,400.0,20230307,497.5,90,+23.93%,"NT$+19,940",到期,"NT$83,319",v4,90天+6個持倉_全週期,400.0,20221207,6472,main,0.0,0.0,0.0,0.0,0.0,19940.0,23.93,300-500,42-90日
2207,backup_v4,20230208,642.0,20230316,595.0,36,-7.76%,"NT$-6,439",停損,"NT$82,936",v4,90天+6個持倉_全週期,642.0,20230208,2207,backup_v4,-8.575096277278563,0.0,629.7,1.9533111005240518,0.0,-6439.0,-7.76,500+,30-42日
2066,backup_v4,20230308,90.0,20230316,83.5,8,-7.66%,"NT$-6,383",停損,"NT$83,279",v4,90天+6個持倉_全週期,90.0,20230308,2066,backup_v4,-7.217847769028872,0.0,86.385,4.184754297621109,0.0,-6383.0,-7.66,50-100,7-14日
2338,backup_v4,20221221,85.7,20230321,95.4,90,+10.88%,"NT$+9,054",到期,"NT$83,247",v4,90天+6個持倉_全週期,85.7,20221221,2338,backup_v4,-7.755171372489808,0.0,89.445,-4.186930515959518,0.0,9054.0,10.88,50-100,42-90日
6719,main,20230322,332.0,20230328,307.5,6,-7.82%,"NT$-6,502",停損,"NT$83,118",v4,90天+6個持倉_全週期,332.0,20230322,6719,main,0.0,0.0,0.0,0.0,0.0,-6502.0,-7.82,300-500,<7日
4915,backup_v4,20230111,56.7,20230411,60.7,90,+6.61%,"NT$+5,508",到期,"NT$83,297",v4,90天+6個持倉_全週期,56.7,20230111,4915,backup_v4,-5.493226079593565,0.0,56.32,0.6747159090909136,0.0,5508.0,6.61,50-100,42-90日
6585,backup_v4,20230111,54.2,20230411,65.8,90,+20.96%,"NT$+17,463",到期,"NT$83,316",v4,90天+6個持倉_全週期,54.2,20230111,6585,backup_v4,-10.04062681369704,0.0,54.85,-1.1850501367365516,0.0,17463.0,20.96,50-100,42-90日
3680,main,20230329,366.0,20230421,339.0,23,-7.82%,"NT$-6,506",停損,"NT$83,200",v4,90天+6個持倉_全週期,366.0,20230329,3680,main,0.0,0.0,0.0,0.0,0.0,-6506.0,-7.82,300-500,14-30日
4763,main,20230419,480.0,20230421,435.0,2,-9.82%,"NT$-8,164",停損,"NT$83,158",v4,90天+6個持倉_全週期,480.0,20230419,4763,main,0.0,0.0,0.0,0.0,0.0,-8164.0,-9.82,300-500,<7日
3044,backup_v4,20230426,113.5,20230725,150.0,90,+31.72%,"NT$+26,424",到期,"NT$83,314",v4,90天+6個持倉_全週期,113.5,20230426,3044,backup_v4,-5.176528177201249,0.0,114.1,-0.52585451358457,0.0,26424.0,31.72,100-200,42-90日
3310,backup_v4,20230426,66.9,20230725,87.5,90,+30.35%,"NT$+25,274",到期,"NT$83,275",v4,90天+6個持倉_全週期,66.9,20230426,3310,backup_v4,-6.6277836691410394,0.0,67.2,-0.4464285714285672,0.0,25274.0,30.35,50-100,42-90日
3324,backup_v4,20230426,229.0,20230725,305.0,90,+32.75%,"NT$+27,259",到期,"NT$83,245",v4,90天+6個持倉_全週期,229.0,20230426,3324,backup_v4,-11.689834198626697,0.0,234.45,-2.3245894647046232,0.0,27259.0,32.75,200-300,42-90日
3587,backup_v4,20230426,182.0,20230725,243.5,90,+33.35%,"NT$+27,777",到期,"NT$83,293",v4,90天+6個持倉_全週期,182.0,20230426,3587,backup_v4,-5.261336102457598,0.0,191.75,-5.084745762711865,0.0,27777.0,33.35,100-200,42-90日
3693,backup_v4,20230426,178.5,20230725,348.0,90,+94.52%,"NT$+78,731",到期,"NT$83,300",v4,90天+6個持倉_全週期,178.5,20230426,3693,backup_v4,-32.184191085939425,0.0,163.225,9.358247817429932,0.0,78731.0,94.52,100-200,42-90日
3483,backup_v4,20230809,158.0,20230811,146.5,2,-7.72%,"NT$-6,426",停損,"NT$83,226",v4,90天+6個持倉_全週期,158.0,20230809,3483,backup_v4,-12.88524215220996,0.0,137.64,14.792211566405125,0.0,-6426.0,-7.72,100-200,<7日
3551,backup_v4,20230809,73.8,20230814,68.2,5,-8.03%,"NT$-6,689",停損,"NT$83,291",v4,90天+6個持倉_全週期,73.8,20230809,3551,backup_v4,-6.230071130733383,0.0,71.815,2.7640465083896117,0.0,-6689.0,-8.03,50-100,<7日
3147,backup_v4,20230809,76.0,20230824,69.3,15,-9.26%,"NT$-7,709",停損,"NT$83,262",v4,90天+6個持倉_全週期,76.0,20230809,3147,backup_v4,-10.793082886106141,0.0,76.035,-0.04603143289274227,0.0,-7709.0,-9.26,50-100,14-30日
4572,backup_v4,20230809,196.0,20230907,181.5,29,-7.84%,"NT$-6,525",停損,"NT$83,222",v4,90天+6個持倉_全週期,196.0,20230809,4572,backup_v4,-17.736263736263737,0.0,183.1,7.04533042053523,0.0,-6525.0,-7.84,100-200,14-30日
2645,backup_v4,20230823,114.5,20230921,106.0,29,-7.87%,"NT$-6,548",停損,"NT$83,245",v4,90天+6個持倉_全週期,114.5,20230823,2645,backup_v4,-15.237618809404701,0.0,110.55,3.5730438715513366,0.0,-6548.0,-7.87,100-200,14-30日
1210,backup_v4,20230809,55.4,20231020,51.2,72,-8.02%,"NT$-6,686",停損,"NT$83,329",v4,90天+6個持倉_全週期,55.4,20230809,1210,backup_v4,-5.06505001284821,0.0,57.505,-3.660551256412493,0.0,-6686.0,-8.02,50-100,42-90日
5508,backup_v4,20230809,72.5,20231107,85.6,90,+17.63%,"NT$+14,679",到期,"NT$83,276",v4,90天+6個持倉_全週期,72.5,20230809,5508,backup_v4,-6.601408618837293,0.0,73.65,-1.5614392396469865,0.0,14679.0,17.63,50-100,42-90日
8081,backup_v4,20230816,226.5,20231114,269.0,90,+18.32%,"NT$+15,251",到期,"NT$83,244",v4,90天+6個持倉_全週期,226.5,20230816,8081,backup_v4,-5.36972352140193,0.0,213.0,6.338028169014084,0.0,15251.0,18.32,200-300,42-90日
2211,backup_v4,20230830,68.4,20231128,80.9,90,+17.83%,"NT$+14,853",到期,"NT$83,293",v4,90天+6個持倉_全週期,68.4,20230830,2211,backup_v4,-12.346055591565944,0.0,66.855,2.3109715054969735,0.0,14853.0,17.83,50-100,42-90日
2385,backup_v4,20230913,114.0,20231212,169.0,90,+47.80%,"NT$+39,784",到期,"NT$83,224",v4,90天+6個持倉_全週期,114.0,20230913,2385,backup_v4,-5.614692891868704,0.0,105.525,8.031272210376681,0.0,39784.0,47.8,100-200,42-90日
6789,main,20231206,305.0,20231219,277.5,13,-9.46%,"NT$-7,858",停損,"NT$83,078",v4,90天+6個持倉_全週期,305.0,20231206,6789,main,0.0,0.0,0.0,0.0,0.0,-7858.0,-9.46,300-500,7-14日
6533,main,20231101,389.5,20240130,492.5,90,+26.00%,"NT$+21,603",到期,"NT$83,082",v4,90天+6個持倉_全週期,389.5,20231101,6533,main,0.0,0.0,0.0,0.0,0.0,21603.0,26.0,300-500,42-90日
2347,backup_v4,20231108,68.8,20240206,71.5,90,+3.48%,"NT$+2,900",到期,"NT$83,298",v4,90天+6個持倉_全週期,68.8,20231108,2347,backup_v4,-5.911713618304151,0.0,67.85,1.4001473839351555,0.0,2900.0,3.48,50-100,42-90日
2388,backup_v4,20231108,129.0,20240206,137.0,90,+5.76%,"NT$+4,799",到期,"NT$83,324",v4,90天+6個持倉_全週期,129.0,20231108,2388,backup_v4,-11.505027440612107,0.0,124.325,3.7603056505127666,0.0,4799.0,5.76,100-200,42-90日
3661,main,20231115,3105.0,20240213,4105.0,90,+31.76%,"NT$+25,679",到期,"NT$80,845",v4,90天+6個持倉_全週期,3105.0,20231115,3661,main,0.0,0.0,0.0,0.0,0.0,25679.0,31.76,500+,42-90日
2732,backup_v4,20240131,130.5,20240215,121.0,15,-7.72%,"NT$-6,428",停損,"NT$83,247",v4,90天+6個持倉_全週期,130.5,20240131,2732,backup_v4,-7.600596125186289,0.0,130.125,0.2881844380403458,0.0,-6428.0,-7.72,100-200,14-30日
6462,main,20240306,293.5,20240307,265.5,1,-9.98%,"NT$-8,303",停損,"NT$83,179",v4,90天+6個持倉_全週期,293.5,20240306,6462,main,0.0,0.0,0.0,0.0,0.0,-8303.0,-9.98,200-300,<7日
6515,main,20240103,800.0,20240308,731.0,65,-9.07%,"NT$-7,555",停損,"NT$83,319",v4,90天+6個持倉_全週期,800.0,20240103,6515,main,0.0,0.0,0.0,0.0,0.0,-7555.0,-9.07,500+,42-90日
1519,main,20231220,329.0,20240319,660.0,90,+100.17%,"NT$+83,163",到期,"NT$83,026",v4,90天+6個持倉_全週期,329.0,20231220,1519,main,0.0,0.0,0.0,0.0,0.0,83163.0,100.17,300-500,42-90日
6122,backup_v4,20240320,69.0,20240411,63.3,22,-8.70%,"NT$-7,253",停損,"NT$83,333",v4,90天+6個持倉_全週期,69.0,20240320,6122,backup_v4,-7.010416666666666,0.0,67.56,2.131438721136764,0.0,-7253.0,-8.7,50-100,14-30日
6409,backup_v4,20240320,1615.0,20240422,1465.0,33,-9.73%,"NT$-8,026",停損,"NT$82,482",v4,90天+6個持倉_全週期,1615.0,20240320,6409,backup_v4,-24.920673663656334,0.0,1641.5,-1.6143770941212305,0.0,-8026.0,-9.73,500+,30-42日
2404,main,20240424,412.5,20240508,383.0,14,-7.59%,"NT$-6,305",停損,"NT$83,031",v4,90天+6個持倉_全週期,412.5,20240424,2404,main,0.0,0.0,0.0,0.0,0.0,-6305.0,-7.59,300-500,7-14日
1216,backup_v4,20240320,76.5,20240618,81.5,90,+6.09%,"NT$+5,074",到期,"NT$83,274",v4,90天+6個持倉_全週期,76.5,20240320,1216,backup_v4,-5.178712175730784,0.0,76.435,0.08503957611041764,0.0,5074.0,6.09,50-100,42-90日
2317,backup_v4,20240320,138.0,20240618,198.5,90,+43.40%,"NT$+36,165",到期,"NT$83,333",v4,90天+6個持倉_全週期,138.0,20240320,2317,backup_v4,-9.289139462061136,0.0,113.275,21.827411167512683,0.0,36165.0,43.4,100-200,42-90日
3030,backup_v4,20240320,80.5,20240618,172.5,90,+113.84%,"NT$+94,803",到期,"NT$83,275",v4,90天+6個持倉_全週期,80.5,20240320,3030,backup_v4,-6.021468342804661,0.0,75.695,6.347843318581157,0.0,94803.0,113.84,50-100,42-90日
4584,backup_v4,20240320,62.1,20240618,66.5,90,+6.64%,"NT$+5,536",到期,"NT$83,333",v4,90天+6個持倉_全週期,62.1,20240320,4584,backup_v4,-8.178844056706652,0.0,55.645,11.600323479198487,0.0,5536.0,6.64,50-100,42-90日
2545,backup_v4,20240508,60.5,20240628,55.9,51,-8.05%,"NT$-6,703",停損,"NT$83,306",v4,90天+6個持倉_全週期,60.5,20240508,2545,backup_v4,-7.267120498050852,0.0,55.0025,9.995000227262402,0.0,-6703.0,-8.05,50-100,42-90日
2451,backup_v4,20240626,124.5,20240628,115.0,2,-8.07%,"NT$-6,724",停損,"NT$83,285",v4,90天+6個持倉_全週期,124.5,20240626,2451,backup_v4,-5.757190817530169,0.0,121.225,2.70158795627965,0.0,-6724.0,-8.07,100-200,<7日
3122,backup_v4,20240703,51.0,20240709,47.0,6,-8.29%,"NT$-6,902",停損,"NT$83,300",v4,90天+6個持倉_全週期,51.0,20240703,3122,backup_v4,-6.123939351787453,0.0,56.255,-9.341391876277669,0.0,-6902.0,-8.29,50-100,<7日
2383,backup_v4,20240703,492.5,20240718,447.5,15,-9.58%,"NT$-7,937",停損,"NT$82,858",v4,90天+6個持倉_全週期,492.5,20240703,2383,backup_v4,-10.46116174670113,0.0,456.1,7.980705985529483,0.0,-7937.0,-9.58,300-500,14-30日
6231,main,20240619,398.0,20240805,347.5,47,-13.13%,"NT$-10,938",停損,"NT$83,301",v4,90天+6個持倉_全週期,398.0,20240619,6231,main,0.0,0.0,0.0,0.0,0.0,-10938.0,-13.13,300-500,42-90日
1615,backup_v4,20240626,69.3,20240805,60.8,40,-12.71%,"NT$-10,583",停損,"NT$83,279",v4,90天+6個持倉_全週期,69.3,20240626,1615,backup_v4,-6.446991404011461,0.0,70.28,-1.3944223107569778,0.0,-10583.0,-12.71,50-100,30-42日
2739,backup_v4,20240731,67.5,20240805,61.7,5,-9.04%,"NT$-7,524",停損,"NT$83,279",v4,90天+6個持倉_全週期,67.5,20240731,2739,backup_v4,-17.41160773849233,0.0,65.17,3.5752646923431,0.0,-7524.0,-9.04,50-100,<7日
2609,backup_v4,20240508,52.2,20240806,61.1,90,+16.61%,"NT$+13,838",到期,"NT$83,325",v4,90天+6個持倉_全週期,52.2,20240508,2609,backup_v4,-5.325497455742951,0.0,47.7825,9.24501648092922,0.0,13838.0,16.61,50-100,42-90日
2597,backup_v4,20240807,205.0,20240814,154.0,7,-25.32%,"NT$-21,052",停損,"NT$83,143",v4,90天+6個持倉_全週期,205.0,20240807,2597,backup_v4,-5.515565952852258,0.0,202.725,1.1222098902454092,0.0,-21052.0,-25.32,200-300,<7日
2363,backup_v4,20240807,70.6,20240904,62.4,28,-12.06%,"NT$-10,042",停損,"NT$83,285",v4,90天+6個持倉_全週期,70.6,20240807,2363,backup_v4,-15.138244419428352,0.0,64.1,10.14040561622465,0.0,-10042.0,-12.06,50-100,14-30日
2548,backup_v4,20240807,145.0,20240910,133.5,34,-8.37%,"NT$-6,967",停損,"NT$83,203",v4,90天+6個持倉_全週期,145.0,20240807,2548,backup_v4,-9.683570704963948,0.0,158.0,-8.227848101265822,0.0,-6967.0,-8.37,100-200,30-42日
4420,backup_v4,20240807,63.4,20240916,55.2,40,-13.38%,"NT$-11,142",停損,"NT$83,299",v4,90天+6個持倉_全週期,63.4,20240807,4420,backup_v4,-6.545852210592094,0.0,60.175,5.3593685085168286,0.0,-11142.0,-13.38,50-100,30-42日
5904,main,20240619,529.0,20240917,544.0,90,+2.39%,"NT$+1,990",到期,"NT$83,171",v4,90天+6個持倉_全週期,529.0,20240619,5904,main,0.0,0.0,0.0,0.0,0.0,1990.0,2.39,500+,42-90日
8249,backup_v4,20240918,56.9,20241004,50.8,16,-11.16%,"NT$-9,300",停損,"NT$83,306",v4,90天+6個持倉_全週期,56.9,20240918,8249,backup_v4,-5.477646266898525,0.0,36.76,54.78781284004353,0.0,-9300.0,-11.16,50-100,14-30日
2015,backup_v4,20240710,78.1,20241008,85.0,90,+8.39%,"NT$+6,990",到期,"NT$83,295",v4,90天+6個持倉_全週期,78.1,20240710,2015,backup_v4,-5.323708549515001,0.0,76.0,2.763157894736835,0.0,6990.0,8.39,50-100,42-90日
6274,backup_v4,20240918,174.5,20241029,161.0,41,-8.18%,"NT$-6,803",停損,"NT$83,180",v4,90天+6個持倉_全週期,174.5,20240918,6274,backup_v4,-10.163434299411636,0.0,171.475,1.764105554745593,0.0,-6803.0,-8.18,100-200,30-42日
2397,backup_v4,20241030,86.3,20241108,79.8,9,-7.97%,"NT$-6,644",停損,"NT$83,312",v4,90天+6個持倉_全週期,86.3,20241030,2397,backup_v4,-7.9340046099720976,0.0,79.165,9.012821322554148,0.0,-6644.0,-7.97,50-100,7-14日
2250,backup_v4,20240814,94.4,20241112,95.1,90,+0.30%,NT$+249,到期,"NT$83,285",v4,90天+6個持倉_全週期,94.4,20240814,2250,backup_v4,-5.30579181855002,0.0,92.395,2.1700308458250013,0.0,249.0,0.3,50-100,42-90日
1472,backup_v4,20240904,59.3,20241203,65.0,90,+9.17%,"NT$+7,640",到期,"NT$83,316",v4,90天+6個持倉_全週期,59.3,20240904,1472,backup_v4,-12.7838519764508,0.0,57.285,3.5175002182072106,0.0,7640.0,9.17,50-100,42-90日
3081,backup_v4,20240911,192.5,20241210,355.5,90,+84.23%,"NT$+70,148",到期,"NT$83,279",v4,90天+6個持倉_全週期,192.5,20240911,3081,backup_v4,-20.543543379990197,0.0,157.375,22.319301032565527,0.0,70148.0,84.23,100-200,42-90日
4961,backup_v4,20241030,247.5,20241216,228.0,47,-8.32%,"NT$-6,930",停損,"NT$83,279",v4,90天+6個持倉_全週期,247.5,20241030,4961,backup_v4,-5.064893953782843,0.0,271.5,-8.83977900552486,0.0,-6930.0,-8.32,200-300,42-90日
2354,backup_v4,20241030,80.6,20241231,74.4,62,-8.13%,"NT$-6,776",停損,"NT$83,298",v4,90天+6個持倉_全週期,80.6,20241030,2354,backup_v4,-6.437897754522479,0.0,68.45,17.750182615047468,0.0,-6776.0,-8.13,50-100,42-90日
3563,main,20250312,569.0,20250327,523.0,15,-8.53%,"NT$-7,094",停損,"NT$83,192",v4,90天+6個持倉_全週期,569.0,20250312,3563,main,0.0,0.0,0.0,0.0,0.0,-7094.0,-8.53,500+,14-30日
6643,main,20250312,690.0,20250331,582.0,19,-16.09%,"NT$-13,345",停損,"NT$82,918",v4,90天+6個持倉_全週期,690.0,20250312,6643,main,0.0,0.0,0.0,0.0,0.0,-13345.0,-16.09,500+,14-30日
7722,main,20250326,724.0,20250331,630.0,5,-13.43%,"NT$-11,097",停損,"NT$82,654",v4,90天+6個持倉_全週期,724.0,20250326,7722,main,0.0,0.0,0.0,0.0,0.0,-11097.0,-13.43,500+,<7日
2753,backup_v4,20250416,191.0,20250422,176.0,6,-8.30%,"NT$-6,902",停損,"NT$83,203",v4,90天+6個持倉_全週期,191.0,20250416,2753,backup_v4,-7.240806150010388,0.0,175.4,8.8939566704675,0.0,-6902.0,-8.3,100-200,<7日
6865,backup_v4,20250430,79.9,20250507,71.2,7,-11.33%,"NT$-9,438",停損,"NT$83,294",v4,90天+6個持倉_全週期,79.9,20250430,6865,backup_v4,-10.13888888888889,0.0,72.395,10.366738034394654,0.0,-9438.0,-11.33,50-100,<7日
6680,backup_v4,20250430,79.3,20250529,0.0,29,-100.44%,"NT$-83,673",停損,"NT$83,304",v4,90天+6個持倉_全週期,79.3,20250430,6680,backup_v4,-6.480648064806481,0.0,75.625,4.859504132231401,0.0,-83673.0,-100.44,50-100,14-30日
7718,backup_v4,20250430,51.0,20250630,46.3,61,-9.66%,"NT$-8,045",停損,"NT$83,300",v4,90天+6個持倉_全週期,51.0,20250430,7718,backup_v4,-14.136125654450263,0.0,50.59,0.8104368452263225,0.0,-8045.0,-9.66,50-100,42-90日
6919,main,20250702,1345.0,20250707,1240.0,5,-8.25%,"NT$-6,778",停損,"NT$82,162",v4,90天+6個持倉_全週期,1345.0,20250702,6919,main,0.0,0.0,0.0,0.0,0.0,-6778.0,-8.25,500+,<7日
6023,backup_v4,20250416,80.6,20250715,82.8,90,+2.29%,"NT$+1,905",到期,"NT$83,298",v4,90天+6個持倉_全週期,80.6,20250416,6023,backup_v4,-8.583716623857596,0.0,80.82,-0.27220984904726414,0.0,1905.0,2.29,50-100,42-90日
3131,main,20250716,1655.0,20250724,1530.0,8,-8.00%,"NT$-6,626",停損,"NT$82,868",v4,90天+6個持倉_全週期,1655.0,20250716,3131,main,0.0,0.0,0.0,0.0,0.0,-6626.0,-8.0,500+,7-14日
4571,backup_v4,20250430,151.5,20250729,164.5,90,+8.14%,"NT$+6,779",到期,"NT$83,292",v4,90天+6個持倉_全週期,151.5,20250430,4571,backup_v4,-5.872756933115824,0.0,142.575,6.259863229879019,0.0,6779.0,8.14,100-200,42-90日
7631,backup_v4,20250430,101.5,20250729,124.5,90,+22.22%,"NT$+18,495",到期,"NT$83,247",v4,90天+6個持倉_全週期,101.5,20250430,7631,backup_v4,-8.680555555555555,0.0,98.63,2.9098651525904944,0.0,18495.0,22.22,100-200,42-90日
3036,backup_v4,20250507,116.0,20250805,138.5,90,+18.95%,"NT$+15,787",到期,"NT$83,291",v4,90天+6個持倉_全週期,116.0,20250507,3036,backup_v4,-5.462538068267945,0.0,103.855,11.694189013528474,0.0,15787.0,18.95,100-200,42-90日
3231,backup_v4,20250603,109.5,20250901,109.5,90,-0.44%,NT$-368,到期,"NT$83,229",v4,90天+6個持倉_全週期,109.5,20250603,3231,backup_v4,-6.980236578300021,0.0,111.425,-1.7276194749831701,0.0,-368.0,-0.44,100-200,42-90日
3037,backup_v4,20251008,160.0,20251014,146.0,6,-9.19%,"NT$-7,659",停損,"NT$83,319",v4,90天+6個持倉_全週期,160.0,20251008,3037,backup_v4,-11.6503422653734,0.0,151.25,5.785123966942149,0.0,-7659.0,-9.19,100-200,<7日
6720,backup_v4,20251001,134.5,20251020,123.5,19,-8.62%,"NT$-7,176",停損,"NT$83,239",v4,90天+6個持倉_全週期,134.5,20251001,6720,backup_v4,-5.633802816901409,0.0,132.25,1.7013232514177694,0.0,-7176.0,-8.62,100-200,14-30日
5536,main,20250723,494.5,20251021,802.0,90,+61.74%,"NT$+51,365",到期,"NT$83,194",v4,90天+6個持倉_全週期,494.5,20250723,5536,main,0.0,0.0,0.0,0.0,0.0,51365.0,61.74,300-500,42-90日
7747,backup_v4,20251001,141.5,20251029,131.5,28,-7.51%,"NT$-6,257",停損,"NT$83,321",v4,90天+6個持倉_全週期,141.5,20251001,7747,backup_v4,-15.369261477045908,0.0,138.875,1.8901890189018902,0.0,-6257.0,-7.51,100-200,14-30日
6994,backup_v4,20251001,95.2,20251114,87.0,44,-9.06%,"NT$-7,546",停損,"NT$83,323",v4,90天+6個持倉_全週期,95.2,20251001,6994,backup_v4,-5.461465271170314,0.0,92.955,2.4151471141950456,0.0,-7546.0,-9.06,50-100,42-90日
6442,main,20251203,1250.0,20251218,1110.0,15,-11.64%,"NT$-9,619",停損,"NT$82,618",v4,90天+6個持倉_全週期,1250.0,20251203,6442,main,0.0,0.0,0.0,0.0,0.0,-9619.0,-11.64,500+,14-30日
2066,backup_v3,20230308,90.0,20230316,83.5,8,-7.66%,"NT$-12,773",停損,,v3,6週+3個持倉_2023年,90.0,20230308,2066,backup_v3,-7.217847769028872,0.0,86.385,4.184754297621109,0.0,-12773.0,-7.66,50-100,7-14日
6472,main,20230222,493.0,20230405,740.0,42,+49.66%,"NT$+82,621",到期,,v3,6週+3個持倉_2023年,493.0,20230222,6472,main,0.0,0.0,0.0,0.0,0.0,82621.0,49.66,300-500,30-42日
1590,backup_v3,20230308,1125.0,20230419,1160.0,42,+2.67%,"NT$+4,420",到期,,v3,6週+3個持倉_2023年,1125.0,20230308,1590,backup_v3,-8.14290312198262,0.0,1093.25,2.904184770180654,0.0,4420.0,2.67,500+,30-42日
4763,main,20230419,480.0,20230421,435.0,2,-9.82%,"NT$-16,328",停損,,v3,6週+3個持倉_2023年,480.0,20230419,4763,main,0.0,0.0,0.0,0.0,0.0,-16328.0,-9.82,300-500,<7日
3675,main,20230412,299.5,20230524,348.0,42,+15.75%,"NT$+26,219",到期,,v3,6週+3個持倉_2023年,299.5,20230412,3675,main,0.0,0.0,0.0,0.0,0.0,26219.0,15.75,200-300,30-42日
1476,backup_v3,20230426,488.5,20230607,489.0,42,-0.34%,NT$-566,到期,,v3,6週+3個持倉_2023年,488.5,20230426,1476,backup_v3,-7.864609258337481,0.0,487.35,0.23597004206422023,0.0,-566.0,-0.34,300-500,30-42日
1720,backup_v3,20230426,68.8,20230607,78.0,42,+12.93%,"NT$+21,549",到期,,v3,6週+3個持倉_2023年,68.8,20230426,1720,backup_v3,-6.327637487607161,0.0,60.48,13.756613756613758,0.0,21549.0,12.93,50-100,30-42日
1580,backup_v3,20230607,134.5,20230609,124.5,2,-7.88%,"NT$-13,125",停損,,v3,6週+3個持倉_2023年,134.5,20230607,1580,backup_v3,-5.374177079134757,0.0,129.225,4.082027471464505,0.0,-13125.0,-7.88,100-200,<7日
8046,main,20230531,303.0,20230615,281.0,15,-7.70%,"NT$-12,832",停損,,v3,6週+3個持倉_2023年,303.0,20230531,8046,main,0.0,0.0,0.0,0.0,0.0,-12832.0,-7.7,300-500,14-30日
1519,backup_v3,20230607,155.0,20230719,194.5,42,+25.04%,"NT$+41,707",到期,,v3,6週+3個持倉_2023年,155.0,20230607,1519,backup_v3,-10.771416785075859,0.0,131.67,17.718538771170362,0.0,41707.0,25.04,100-200,30-42日
1533,backup_v3,20230614,61.9,20230726,58.5,42,-5.94%,"NT$-9,890",到期,,v3,6週+3個持倉_2023年,61.9,20230614,1533,backup_v3,-6.6280456636565,0.0,57.675,7.325530992631125,0.0,-9890.0,-5.94,50-100,30-42日
1477,backup_v3,20230621,272.5,20230802,301.0,42,+10.02%,"NT$+16,673",到期,,v3,6週+3個持倉_2023年,272.5,20230621,1477,backup_v3,-5.2722359569941935,0.0,234.4,16.254266211604094,0.0,16673.0,10.02,200-300,30-42日
3147,backup_v3,20230809,76.0,20230824,69.3,15,-9.26%,"NT$-15,424",停損,,v3,6週+3個持倉_2023年,76.0,20230809,3147,backup_v3,-10.793082886106141,0.0,76.035,-0.04603143289274227,0.0,-15424.0,-9.26,50-100,14-30日
2357,backup_v3,20230830,403.0,20230912,363.5,13,-10.24%,"NT$-17,033",停損,,v3,6週+3個持倉_2023年,403.0,20230830,2357,backup_v3,-7.837889671525211,0.0,387.9,3.892755864913643,0.0,-17033.0,-10.24,300-500,7-14日
1210,backup_v3,20230809,55.4,20230920,54.2,42,-2.61%,"NT$-4,347",到期,,v3,6週+3個持倉_2023年,55.4,20230809,1210,backup_v3,-5.06505001284821,0.0,57.505,-3.660551256412493,0.0,-4347.0,-2.61,50-100,30-42日
3362,backup_v3,20230809,134.0,20230920,148.0,42,+10.01%,"NT$+16,675",到期,,v3,6週+3個持倉_2023年,134.0,20230809,3362,backup_v3,-7.241837005574728,0.0,145.575,-7.95122788940408,0.0,16675.0,10.01,100-200,30-42日
2385,backup_v3,20230913,114.0,20231025,124.5,42,+8.77%,"NT$+14,604",到期,,v3,6週+3個持倉_2023年,114.0,20230913,2385,backup_v3,-5.614692891868704,0.0,105.525,8.031272210376681,0.0,14604.0,8.77,100-200,30-42日
3592,main,20230920,358.5,20231101,368.0,42,+2.21%,"NT$+3,677",到期,,v3,6週+3個持倉_2023年,358.5,20230920,3592,main,0.0,0.0,0.0,0.0,0.0,3677.0,2.21,300-500,30-42日
2363,backup_v3,20231108,49.0,20231109,44.15,1,-10.34%,"NT$-17,231",停損,,v3,6週+3個持倉_2023年,49.0,20231108,2363,backup_v3,-5.254129702117369,0.0,51.73,-5.277401894451956,0.0,-17231.0,-10.34,<50,<7日
6789,main,20231206,305.0,20231219,277.5,13,-9.46%,"NT$-15,745",停損,,v3,6週+3個持倉_2023年,305.0,20231206,6789,main,0.0,0.0,0.0,0.0,0.0,-15745.0,-9.46,300-500,7-14日
2233,backup_v3,20231108,141.0,20231220,139.0,42,-1.86%,"NT$-3,101",到期,,v3,6週+3個持倉_2023年,141.0,20231108,2233,backup_v3,-6.674065168470052,0.0,137.825,2.30364592780701,0.0,-3101.0,-1.86,100-200,30-42日
2347,backup_v3,20231108,68.8,20231220,68.6,42,-0.73%,"NT$-1,222",到期,,v3,6週+3個持倉_2023年,68.8,20231108,2347,backup_v3,-5.911713618304151,0.0,67.85,1.4001473839351555,0.0,-1222.0,-0.73,50-100,30-42日
1342,backup_v3,20221221,134.5,20221227,122.5,6,-9.36%,"NT$-15,602",停損,,v3,6週+3個持倉_全週期,134.5,20221221,1342,backup_v3,-5.785592739648326,0.0,117.07,14.888528230972927,0.0,-15602.0,-9.36,100-200,<7日
3443,main,20221207,742.0,20221228,636.0,21,-14.73%,"NT$-24,514",停損,,v3,6週+3個持倉_全週期,742.0,20221207,3443,main,0.0,0.0,0.0,0.0,0.0,-24514.0,-14.73,500+,14-30日
6472,main,20221207,400.0,20230118,402.0,42,+0.06%,NT$+96,到期,,v3,6週+3個持倉_全週期,400.0,20221207,6472,main,0.0,0.0,0.0,0.0,0.0,96.0,0.06,300-500,30-42日
3587,backup_v3,20221228,158.5,20230208,179.0,42,+12.49%,"NT$+20,818",到期,,v3,6週+3個持倉_全週期,158.5,20221228,3587,backup_v3,-5.132616487455198,0.0,158.25,0.1579778830963665,0.0,20818.0,12.49,100-200,30-42日
2207,backup_v3,20230208,642.0,20230316,595.0,36,-7.76%,"NT$-12,927",停損,,v3,6週+3個持倉_全週期,642.0,20230208,2207,backup_v3,-8.575096277278563,0.0,629.7,1.9533111005240518,0.0,-12927.0,-7.76,500+,30-42日
1605,backup_v3,20230208,52.7,20230322,51.7,42,-2.34%,"NT$-3,900",到期,,v3,6週+3個持倉_全週期,52.7,20230208,1605,backup_v3,-8.094260893357959,0.0,49.73,5.97225015081441,0.0,-3900.0,-2.34,50-100,30-42日
6719,main,20230322,332.0,20230328,307.5,6,-7.82%,"NT$-13,029",停損,,v3,6週+3個持倉_全週期,332.0,20230322,6719,main,0.0,0.0,0.0,0.0,0.0,-13029.0,-7.82,300-500,<7日
1752,backup_v3,20230426,77.7,20230511,70.2,15,-10.10%,"NT$-16,818",停損,,v3,6週+3個持倉_全週期,77.7,20230426,1752,backup_v3,-28.363552373253263,0.0,68.305,13.754483566356775,0.0,-16818.0,-10.1,50-100,14-30日
1720,backup_v3,20230426,68.8,20230607,78.0,42,+12.93%,"NT$+21,549",到期,,v3,6週+3個持倉_全週期,68.8,20230426,1720,backup_v3,-6.327637487607161,0.0,60.48,13.756613756613758,0.0,21549.0,12.93,50-100,30-42日
1580,backup_v3,20230607,134.5,20230609,124.5,2,-7.88%,"NT$-13,125",停損,,v3,6週+3個持倉_全週期,134.5,20230607,1580,backup_v3,-5.374177079134757,0.0,129.225,4.082027471464505,0.0,-13125.0,-7.88,100-200,<7日
8046,main,20230531,303.0,20230615,281.0,15,-7.70%,"NT$-12,832",停損,,v3,6週+3個持倉_全週期,303.0,20230531,8046,main,0.0,0.0,0.0,0.0,0.0,-12832.0,-7.7,300-500,14-30日
1533,backup_v3,20230614,61.9,20230726,58.5,42,-5.94%,"NT$-9,890",到期,,v3,6週+3個持倉_全週期,61.9,20230614,1533,backup_v3,-6.6280456636565,0.0,57.675,7.325530992631125,0.0,-9890.0,-5.94,50-100,30-42日
1560,backup_v3,20230621,127.0,20230802,131.5,42,+3.10%,"NT$+5,166",到期,,v3,6週+3個持倉_全週期,127.0,20230621,1560,backup_v3,-12.54371122391427,0.0,121.025,4.936996488328853,0.0,5166.0,3.1,100-200,30-42日
3147,backup_v3,20230809,76.0,20230824,69.3,15,-9.26%,"NT$-15,424",停損,,v3,6週+3個持倉_全週期,76.0,20230809,3147,backup_v3,-10.793082886106141,0.0,76.035,-0.04603143289274227,0.0,-15424.0,-9.26,50-100,14-30日
2357,backup_v3,20230830,403.0,20230912,363.5,13,-10.24%,"NT$-17,033",停損,,v3,6週+3個持倉_全週期,403.0,20230830,2357,backup_v3,-7.837889671525211,0.0,387.9,3.892755864913643,0.0,-17033.0,-10.24,300-500,7-14日
1210,backup_v3,20230809,55.4,20230920,54.2,42,-2.61%,"NT$-4,347",到期,,v3,6週+3個持倉_全週期,55.4,20230809,1210,backup_v3,-5.06505001284821,0.0,57.505,-3.660551256412493,0.0,-4347.0,-2.61,50-100,30-42日
2385,backup_v3,20230913,114.0,20231025,124.5,42,+8.77%,"NT$+14,604",到期,,v3,6週+3個持倉_全週期,114.0,20230913,2385,backup_v3,-5.614692891868704,0.0,105.525,8.031272210376681,0.0,14604.0,8.77,100-200,30-42日
3592,main,20230920,358.5,20231101,368.0,42,+2.21%,"NT$+3,677",到期,,v3,6週+3個持倉_全週期,358.5,20230920,3592,main,0.0,0.0,0.0,0.0,0.0,3677.0,2.21,300-500,30-42日
2233,backup_v3,20231108,141.0,20231220,139.0,42,-1.86%,"NT$-3,101",到期,,v3,6週+3個持倉_全週期,141.0,20231108,2233,backup_v3,-6.674065168470052,0.0,137.825,2.30364592780701,0.0,-3101.0,-1.86,100-200,30-42日
2347,backup_v3,20231108,68.8,20231220,68.6,42,-0.73%,"NT$-1,222",到期,,v3,6週+3個持倉_全週期,68.8,20231108,2347,backup_v3,-5.911713618304151,0.0,67.85,1.4001473839351555,0.0,-1222.0,-0.73,50-100,30-42日
2382,backup_v3,20240110,218.0,20240221,236.0,42,+7.81%,"NT$+13,016",到期,,v3,6週+3個持倉_全週期,218.0,20240110,2382,backup_v3,-6.910193923052992,0.0,212.75,2.4676850763807283,0.0,13016.0,7.81,200-300,30-42日
2603,backup_v3,20240110,148.0,20240221,155.0,42,+4.29%,"NT$+7,142",到期,,v3,6週+3個持倉_全週期,148.0,20240110,2603,backup_v3,-8.614853046440661,0.0,147.275,0.492276353759969,0.0,7142.0,4.29,100-200,30-42日
6462,main,20240306,293.5,20240307,265.5,1,-9.98%,"NT$-16,636",停損,,v3,6週+3個持倉_全週期,293.5,20240306,6462,main,0.0,0.0,0.0,0.0,0.0,-16636.0,-9.98,200-300,<7日
1216,backup_v3,20240320,76.5,20240501,76.5,42,-0.44%,NT$-737,到期,,v3,6週+3個持倉_全週期,76.5,20240320,1216,backup_v3,-5.178712175730784,0.0,76.435,0.08503957611041764,0.0,-737.0,-0.44,50-100,30-42日
1503,backup_v3,20240320,242.5,20240501,292.0,42,+19.97%,"NT$+33,268",到期,,v3,6週+3個持倉_全週期,242.5,20240320,1503,backup_v3,-8.563855523066243,0.0,189.2,28.171247357293876,0.0,33268.0,19.97,200-300,30-42日
2739,backup_v3,20240508,73.4,20240513,64.6,5,-12.43%,"NT$-20,715",停損,,v3,6週+3個持倉_全週期,73.4,20240508,2739,backup_v3,-23.33748098990737,0.0,59.205,23.97601553922812,0.0,-20715.0,-12.43,50-100,<7日
2545,backup_v3,20240508,60.5,20240619,56.8,42,-6.56%,"NT$-10,927",到期,,v3,6週+3個持倉_全週期,60.5,20240508,2545,backup_v3,-7.267120498050852,0.0,55.0025,9.995000227262402,0.0,-10927.0,-6.56,50-100,30-42日
6231,main,20240619,398.0,20240731,410.5,42,+2.70%,"NT$+4,495",到期,,v3,6週+3個持倉_全週期,398.0,20240619,6231,main,0.0,0.0,0.0,0.0,0.0,4495.0,2.7,300-500,30-42日
2548,backup_v3,20240731,166.5,20240805,148.0,5,-11.55%,"NT$-19,245",停損,,v3,6週+3個持倉_全週期,166.5,20240731,2548,backup_v3,-6.102253985706432,0.0,154.8,7.558139534883714,0.0,-19245.0,-11.55,100-200,<7日
1442,backup_v3,20240626,60.3,20240807,64.2,42,+6.03%,"NT$+10,042",到期,,v3,6週+3個持倉_全週期,60.3,20240626,1442,backup_v3,-7.337714954533177,0.0,61.535,-2.0069878930689846,0.0,10042.0,6.03,50-100,30-42日
2597,backup_v3,20240807,205.0,20240814,154.0,7,-25.32%,"NT$-42,157",停損,,v3,6週+3個持倉_全週期,205.0,20240807,2597,backup_v3,-5.515565952852258,0.0,202.725,1.1222098902454092,0.0,-42157.0,-25.32,200-300,<7日
4420,backup_v3,20240807,63.4,20240916,55.2,40,-13.38%,"NT$-22,293",停損,,v3,6週+3個持倉_全週期,63.4,20240807,4420,backup_v3,-6.545852210592094,0.0,60.175,5.3593685085168286,0.0,-22293.0,-13.38,50-100,30-42日
2250,backup_v3,20240814,94.4,20240925,106.5,42,+12.38%,"NT$+20,625",到期,,v3,6週+3個持倉_全週期,94.4,20240814,2250,backup_v3,-5.30579181855002,0.0,92.395,2.1700308458250013,0.0,20625.0,12.38,50-100,30-42日
8249,backup_v3,20240918,56.9,20241004,50.8,16,-11.16%,"NT$-18,599",停損,,v3,6週+3個持倉_全週期,56.9,20240918,8249,backup_v3,-5.477646266898525,0.0,36.76,54.78781284004353,0.0,-18599.0,-11.16,50-100,14-30日
2049,backup_v3,20241030,236.5,20241211,252.5,42,+6.32%,"NT$+10,527",到期,,v3,6週+3個持倉_全週期,236.5,20241030,2049,backup_v3,-5.091922791912206,0.0,233.05,1.4803690195237025,0.0,10527.0,6.32,200-300,30-42日
2354,backup_v3,20241030,80.6,20241211,83.8,42,+3.53%,"NT$+5,877",到期,,v3,6週+3個持倉_全週期,80.6,20241030,2354,backup_v3,-6.437897754522479,0.0,68.45,17.750182615047468,0.0,5877.0,3.53,50-100,30-42日
3563,main,20250312,569.0,20250327,523.0,15,-8.53%,"NT$-14,187",停損,,v3,6週+3個持倉_全週期,569.0,20250312,3563,main,0.0,0.0,0.0,0.0,0.0,-14187.0,-8.53,500+,14-30日
7722,main,20250326,724.0,20250331,630.0,5,-13.43%,"NT$-22,291",停損,,v3,6週+3個持倉_全週期,724.0,20250326,7722,main,0.0,0.0,0.0,0.0,0.0,-22291.0,-13.43,500+,<7日
2468,backup_v3,20250416,63.9,20250417,58.3,1,-9.21%,"NT$-15,341",停損,,v3,6週+3個持倉_全週期,63.9,20250416,2468,backup_v3,-10.486891385767791,0.0,52.095,22.660524042614455,0.0,-15341.0,-9.21,50-100,<7日
2466,backup_v3,20250423,108.5,20250428,93.5,5,-14.27%,"NT$-23,765",停損,,v3,6週+3個持倉_全週期,108.5,20250423,2466,backup_v3,-7.058068655758742,0.0,88.245,22.953141821066342,0.0,-23765.0,-14.27,100-200,<7日
4949,backup_v3,20250430,58.3,20250505,51.2,5,-12.62%,"NT$-21,030",停損,,v3,6週+3個持倉_全週期,58.3,20250430,4949,backup_v3,-12.173324306025728,0.0,41.2475,41.34189950906114,0.0,-21030.0,-12.62,50-100,<7日
2756,backup_v3,20250507,96.0,20250618,114.0,42,+18.31%,"NT$+30,501",到期,,v3,6週+3個持倉_全週期,96.0,20250507,2756,backup_v3,-5.159842961301178,0.0,85.95,11.692844677137867,0.0,30501.0,18.31,50-100,30-42日
4749,main,20250618,657.0,20250704,596.0,16,-9.73%,"NT$-16,192",停損,,v3,6週+3個持倉_全週期,657.0,20250618,4749,main,0.0,0.0,0.0,0.0,0.0,-16192.0,-9.73,500+,14-30日
5536,main,20250723,494.5,20250903,854.0,42,+72.26%,"NT$+120,228",到期,,v3,6週+3個持倉_全週期,494.5,20250723,5536,main,0.0,0.0,0.0,0.0,0.0,120228.0,72.26,300-500,30-42日
3323,backup_v3,20251001,51.8,20251007,46.4,6,-10.87%,"NT$-18,107",停損,,v3,6週+3個持倉_全週期,51.8,20251001,3323,backup_v3,-5.3549269782684785,0.0,48.86,6.01719197707736,0.0,-18107.0,-10.87,50-100,<7日
1504,backup_v3,20251001,104.5,20251112,106.0,42,+0.99%,"NT$+1,654",到期,,v3,6週+3個持倉_全週期,104.5,20251001,1504,backup_v3,-7.9603825524306835,0.0,86.18,21.25783244372243,0.0,1654.0,0.99,100-200,30-42日
3528,backup_v3,20251008,74.4,20251114,68.2,37,-8.78%,"NT$-14,620",停損,,v3,6週+3個持倉_全週期,74.4,20251008,3528,backup_v3,-6.036602021305654,0.0,72.43,2.719867458235536,0.0,-14620.0,-8.78,50-100,30-42日
2066,backup_v3,20230308,90.0,20230316,83.5,8,-7.66%,"NT$-6,383",停損,,v3,6週+6個持倉_2023年,90.0,20230308,2066,backup_v3,-7.217847769028872,0.0,86.385,4.184754297621109,0.0,-6383.0,-7.66,50-100,7-14日
6472,main,20230222,493.0,20230405,740.0,42,+49.66%,"NT$+41,188",到期,,v3,6週+6個持倉_2023年,493.0,20230222,6472,main,0.0,0.0,0.0,0.0,0.0,41188.0,49.66,300-500,30-42日
2388,backup_v3,20230308,87.3,20230418,80.5,41,-8.23%,"NT$-6,858",停損,,v3,6週+6個持倉_2023年,87.3,20230308,2388,backup_v3,-9.038903890389038,0.0,79.9,9.261576971214005,0.0,-6858.0,-8.23,50-100,30-42日
1590,backup_v3,20230308,1125.0,20230419,1160.0,42,+2.67%,"NT$+2,195",到期,,v3,6週+6個持倉_2023年,1125.0,20230308,1590,backup_v3,-8.14290312198262,0.0,1093.25,2.904184770180654,0.0,2195.0,2.67,500+,30-42日
2474,backup_v3,20230308,187.5,20230419,182.5,42,-3.11%,"NT$-2,586",到期,,v3,6週+6個持倉_2023年,187.5,20230308,2474,backup_v3,-5.166232073011734,0.0,187.8,-0.15974440894569295,0.0,-2586.0,-3.11,100-200,30-42日
2637,backup_v3,20230308,67.2,20230419,63.5,42,-5.95%,"NT$-4,956",到期,,v3,6週+6個持倉_2023年,67.2,20230308,2637,backup_v3,-8.836071742129688,0.0,64.085,4.860731840524318,0.0,-4956.0,-5.95,50-100,30-42日
4763,main,20230419,480.0,20230421,435.0,2,-9.82%,"NT$-8,164",停損,,v3,6週+6個持倉_2023年,480.0,20230419,4763,main,0.0,0.0,0.0,0.0,0.0,-8164.0,-9.82,300-500,<7日
1752,backup_v3,20230426,77.7,20230511,70.2,15,-10.10%,"NT$-8,405",停損,,v3,6週+6個持倉_2023年,77.7,20230426,1752,backup_v3,-28.363552373253263,0.0,68.305,13.754483566356775,0.0,-8405.0,-10.1,50-100,14-30日
3675,main,20230412,299.5,20230524,348.0,42,+15.75%,"NT$+13,086",到期,,v3,6週+6個持倉_2023年,299.5,20230412,3675,main,0.0,0.0,0.0,0.0,0.0,13086.0,15.75,200-300,30-42日
1476,backup_v3,20230426,488.5,20230607,489.0,42,-0.34%,NT$-283,到期,,v3,6週+6個持倉_2023年,488.5,20230426,1476,backup_v3,-7.864609258337481,0.0,487.35,0.23597004206422023,0.0,-283.0,-0.34,300-500,30-42日
1720,backup_v3,20230426,68.8,20230607,78.0,42,+12.93%,"NT$+10,770",到期,,v3,6週+6個持倉_2023年,68.8,20230426,1720,backup_v3,-6.327637487607161,0.0,60.48,13.756613756613758,0.0,10770.0,12.93,50-100,30-42日
2201,backup_v3,20230426,79.8,20230607,89.7,42,+11.96%,"NT$+9,962",到期,,v3,6週+6個持倉_2023年,79.8,20230426,2201,backup_v3,-8.553741593593308,0.0,77.965,2.3536202141986706,0.0,9962.0,11.96,50-100,30-42日
2204,backup_v3,20230426,78.5,20230607,99.3,42,+26.05%,"NT$+21,711",到期,,v3,6週+6個持倉_2023年,78.5,20230426,2204,backup_v3,-7.175019316334959,0.0,68.19,15.119518991054411,0.0,21711.0,26.05,50-100,30-42日
1580,backup_v3,20230607,134.5,20230609,124.5,2,-7.88%,"NT$-6,557",停損,,v3,6週+6個持倉_2023年,134.5,20230607,1580,backup_v3,-5.374177079134757,0.0,129.225,4.082027471464505,0.0,-6557.0,-7.88,100-200,<7日
8046,main,20230531,303.0,20230615,281.0,15,-7.70%,"NT$-6,404",停損,,v3,6週+6個持倉_2023年,303.0,20230531,8046,main,0.0,0.0,0.0,0.0,0.0,-6404.0,-7.7,300-500,14-30日
1519,backup_v3,20230607,155.0,20230719,194.5,42,+25.04%,"NT$+20,834",到期,,v3,6週+6個持倉_2023年,155.0,20230607,1519,backup_v3,-10.771416785075859,0.0,131.67,17.718538771170362,0.0,20834.0,25.04,100-200,30-42日
2330,backup_v3,20230607,568.0,20230719,581.0,42,+1.85%,"NT$+1,533",到期,,v3,6週+6個持倉_2023年,568.0,20230607,2330,backup_v3,-7.9234010338492835,0.0,537.975,5.58111436405037,0.0,1533.0,1.85,500+,30-42日
2368,backup_v3,20230607,134.5,20230719,171.5,42,+27.07%,"NT$+22,530",到期,,v3,6週+6個持倉_2023年,134.5,20230607,2368,backup_v3,-5.365970887118923,0.0,114.785,17.17558914492312,0.0,22530.0,27.07,100-200,30-42日
2376,backup_v3,20230607,224.5,20230719,298.5,42,+32.52%,"NT$+27,051",到期,,v3,6週+6個持倉_2023年,224.5,20230607,2376,backup_v3,-11.56441821819785,0.0,174.0,29.022988505747126,0.0,27051.0,32.52,200-300,30-42日
1533,backup_v3,20230614,61.9,20230726,58.5,42,-5.94%,"NT$-4,945",到期,,v3,6週+6個持倉_2023年,61.9,20230614,1533,backup_v3,-6.6280456636565,0.0,57.675,7.325530992631125,0.0,-4945.0,-5.94,50-100,30-42日
1477,backup_v3,20230621,272.5,20230802,301.0,42,+10.02%,"NT$+8,337",到期,,v3,6週+6個持倉_2023年,272.5,20230621,1477,backup_v3,-5.2722359569941935,0.0,234.4,16.254266211604094,0.0,8337.0,10.02,200-300,30-42日
3483,backup_v3,20230809,158.0,20230811,146.5,2,-7.72%,"NT$-6,426",停損,,v3,6週+6個持倉_2023年,158.0,20230809,3483,backup_v3,-12.88524215220996,0.0,137.64,14.792211566405125,0.0,-6426.0,-7.72,100-200,<7日
3551,backup_v3,20230809,73.8,20230814,68.2,5,-8.03%,"NT$-6,689",停損,,v3,6週+6個持倉_2023年,73.8,20230809,3551,backup_v3,-6.230071130733383,0.0,71.815,2.7640465083896117,0.0,-6689.0,-8.03,50-100,<7日
3147,backup_v3,20230809,76.0,20230824,69.3,15,-9.26%,"NT$-7,709",停損,,v3,6週+6個持倉_2023年,76.0,20230809,3147,backup_v3,-10.793082886106141,0.0,76.035,-0.04603143289274227,0.0,-7709.0,-9.26,50-100,14-30日
2357,backup_v3,20230830,403.0,20230912,363.5,13,-10.24%,"NT$-8,516",停損,,v3,6週+6個持倉_2023年,403.0,20230830,2357,backup_v3,-7.837889671525211,0.0,387.9,3.892755864913643,0.0,-8516.0,-10.24,300-500,7-14日
1210,backup_v3,20230809,55.4,20230920,54.2,42,-2.61%,"NT$-2,174",到期,,v3,6週+6個持倉_2023年,55.4,20230809,1210,backup_v3,-5.06505001284821,0.0,57.505,-3.660551256412493,0.0,-2174.0,-2.61,50-100,30-42日
3362,backup_v3,20230809,134.0,20230920,148.0,42,+10.01%,"NT$+8,338",到期,,v3,6週+6個持倉_2023年,134.0,20230809,3362,backup_v3,-7.241837005574728,0.0,145.575,-7.95122788940408,0.0,8338.0,10.01,100-200,30-42日
4766,backup_v3,20230809,182.5,20230920,217.0,42,+18.46%,"NT$+15,352",到期,,v3,6週+6個持倉_2023年,182.5,20230809,4766,backup_v3,-7.613168724279835,0.0,176.575,3.355514653829824,0.0,15352.0,18.46,100-200,30-42日
2645,backup_v3,20230816,111.5,20230927,106.0,42,-5.38%,"NT$-4,477",到期,,v3,6週+6個持倉_2023年,111.5,20230816,2645,backup_v3,-12.907431551499348,0.0,107.925,3.3124855223534886,0.0,-4477.0,-5.38,100-200,30-42日
5284,backup_v3,20230816,134.0,20230927,132.0,42,-1.94%,"NT$-1,613",到期,,v3,6週+6個持倉_2023年,134.0,20230816,5284,backup_v3,-5.614441868168267,0.0,128.6,4.199066874027999,0.0,-1613.0,-1.94,100-200,30-42日
2385,backup_v3,20230913,114.0,20231025,124.5,42,+8.77%,"NT$+7,297",到期,,v3,6週+6個持倉_2023年,114.0,20230913,2385,backup_v3,-5.614692891868704,0.0,105.525,8.031272210376681,0.0,7297.0,8.77,100-200,30-42日
3592,main,20230920,358.5,20231101,368.0,42,+2.21%,"NT$+1,839",到期,,v3,6週+6個持倉_2023年,358.5,20230920,3592,main,0.0,0.0,0.0,0.0,0.0,1839.0,2.21,300-500,30-42日
2363,backup_v3,20231108,49.0,20231109,44.15,1,-10.34%,"NT$-8,616",停損,,v3,6週+6個持倉_2023年,49.0,20231108,2363,backup_v3,-5.254129702117369,0.0,51.73,-5.277401894451956,0.0,-8616.0,-10.34,<50,<7日
3036,backup_v3,20231108,149.5,20231110,138.5,2,-7.80%,"NT$-6,493",停損,,v3,6週+6個持倉_2023年,149.5,20231108,3036,backup_v3,-5.2333872041068545,0.0,120.75,23.809523809523807,0.0,-6493.0,-7.8,100-200,<7日
6789,main,20231206,305.0,20231219,277.5,13,-9.46%,"NT$-7,858",停損,,v3,6週+6個持倉_2023年,305.0,20231206,6789,main,0.0,0.0,0.0,0.0,0.0,-7858.0,-9.46,300-500,7-14日
2233,backup_v3,20231108,141.0,20231220,139.0,42,-1.86%,"NT$-1,550",到期,,v3,6週+6個持倉_2023年,141.0,20231108,2233,backup_v3,-6.674065168470052,0.0,137.825,2.30364592780701,0.0,-1550.0,-1.86,100-200,30-42日
2347,backup_v3,20231108,68.8,20231220,68.6,42,-0.73%,NT$-611,到期,,v3,6週+6個持倉_2023年,68.8,20231108,2347,backup_v3,-5.911713618304151,0.0,67.85,1.4001473839351555,0.0,-611.0,-0.73,50-100,30-42日
2454,backup_v3,20231108,914.0,20231220,983.0,42,+7.11%,"NT$+5,919",到期,,v3,6週+6個持倉_2023年,914.0,20231108,2454,backup_v3,-6.55590807975035,0.0,841.85,8.570410405654211,0.0,5919.0,7.11,500+,30-42日
3532,backup_v3,20231108,156.5,20231220,184.0,42,+17.13%,"NT$+14,255",到期,,v3,6週+6個持倉_2023年,156.5,20231108,3532,backup_v3,-5.80817730225449,0.0,154.725,1.147196639198582,0.0,14255.0,17.13,100-200,30-42日
1342,backup_v3,20221221,134.5,20221227,122.5,6,-9.36%,"NT$-7,795",停損,,v3,6週+6個持倉_全週期,134.5,20221221,1342,backup_v3,-5.785592739648326,0.0,117.07,14.888528230972927,0.0,-7795.0,-9.36,100-200,<7日
3443,main,20221207,742.0,20221228,636.0,21,-14.73%,"NT$-12,257",停損,,v3,6週+6個持倉_全週期,742.0,20221207,3443,main,0.0,0.0,0.0,0.0,0.0,-12257.0,-14.73,500+,14-30日
6472,main,20221207,400.0,20230118,402.0,42,+0.06%,NT$+48,到期,,v3,6週+6個持倉_全週期,400.0,20221207,6472,main,0.0,0.0,0.0,0.0,0.0,48.0,0.06,300-500,30-42日
1477,backup_v3,20221221,240.0,20230131,218.0,41,-9.61%,"NT$-7,991",停損,,v3,6週+6個持倉_全週期,240.0,20221221,1477,backup_v3,-5.958419263140293,0.0,235.325,1.9866142568787895,0.0,-7991.0,-9.61,200-300,30-42日
1476,backup_v3,20221221,472.5,20230201,488.0,42,+2.84%,"NT$+2,363",到期,,v3,6週+6個持倉_全週期,472.5,20221221,1476,backup_v3,-5.712862243627003,0.0,462.05,2.2616599935071937,0.0,2363.0,2.84,300-500,30-42日
1513,backup_v3,20221221,65.5,20230201,80.2,42,+22.00%,"NT$+18,327",到期,,v3,6週+6個持倉_全週期,65.5,20221221,1513,backup_v3,-6.111006476102169,0.0,62.905,4.125268261664413,0.0,18327.0,22.0,50-100,30-42日
3587,backup_v3,20221228,158.5,20230208,179.0,42,+12.49%,"NT$+10,409",到期,,v3,6週+6個持倉_全週期,158.5,20221228,3587,backup_v3,-5.132616487455198,0.0,158.25,0.1579778830963665,0.0,10409.0,12.49,100-200,30-42日
2207,backup_v3,20230208,642.0,20230316,595.0,36,-7.76%,"NT$-6,439",停損,,v3,6週+6個持倉_全週期,642.0,20230208,2207,backup_v3,-8.575096277278563,0.0,629.7,1.9533111005240518,0.0,-6439.0,-7.76,500+,30-42日
1605,backup_v3,20230208,52.7,20230322,51.7,42,-2.34%,"NT$-1,950",到期,,v3,6週+6個持倉_全週期,52.7,20230208,1605,backup_v3,-8.094260893357959,0.0,49.73,5.97225015081441,0.0,-1950.0,-2.34,50-100,30-42日
2230,backup_v3,20230208,53.5,20230322,79.0,42,+47.22%,"NT$+39,340",到期,,v3,6週+6個持倉_全週期,53.5,20230208,2230,backup_v3,-15.753424657534246,0.0,43.9125,21.833191004839165,0.0,39340.0,47.22,50-100,30-42日
2303,backup_v3,20230208,50.5,20230322,53.5,42,+5.50%,"NT$+4,579",到期,,v3,6週+6個持倉_全週期,50.5,20230208,2303,backup_v3,-6.184454696897463,0.0,45.945,9.914027641745566,0.0,4579.0,5.5,50-100,30-42日
2330,backup_v3,20230208,540.0,20230322,533.0,42,-1.74%,"NT$-1,448",到期,,v3,6週+6個持倉_全週期,540.0,20230208,2330,backup_v3,-6.723698555464705,0.0,499.0,8.216432865731463,0.0,-1448.0,-1.74,500+,30-42日
2351,backup_v3,20230208,123.5,20230322,126.0,42,+1.58%,"NT$+1,317",到期,,v3,6週+6個持倉_全週期,123.5,20230208,2351,backup_v3,-9.42436058423105,0.0,106.34,16.136919315403418,0.0,1317.0,1.58,100-200,30-42日
6719,main,20230322,332.0,20230328,307.5,6,-7.82%,"NT$-6,502",停損,,v3,6週+6個持倉_全週期,332.0,20230322,6719,main,0.0,0.0,0.0,0.0,0.0,-6502.0,-7.82,300-500,<7日
1752,backup_v3,20230426,77.7,20230511,70.2,15,-10.10%,"NT$-8,405",停損,,v3,6週+6個持倉_全週期,77.7,20230426,1752,backup_v3,-28.363552373253263,0.0,68.305,13.754483566356775,0.0,-8405.0,-10.1,50-100,14-30日
3178,backup_v3,20230426,82.5,20230511,76.1,15,-8.20%,"NT$-6,829",停損,,v3,6週+6個持倉_全週期,82.5,20230426,3178,backup_v3,-5.6630486078338835,0.0,83.16,-0.7936507936507896,0.0,-6829.0,-8.2,50-100,14-30日
1720,backup_v3,20230426,68.8,20230607,78.0,42,+12.93%,"NT$+10,770",到期,,v3,6週+6個持倉_全週期,68.8,20230426,1720,backup_v3,-6.327637487607161,0.0,60.48,13.756613756613758,0.0,10770.0,12.93,50-100,30-42日
2201,backup_v3,20230426,79.8,20230607,89.7,42,+11.96%,"NT$+9,962",到期,,v3,6週+6個持倉_全週期,79.8,20230426,2201,backup_v3,-8.553741593593308,0.0,77.965,2.3536202141986706,0.0,9962.0,11.96,50-100,30-42日
2204,backup_v3,20230426,78.5,20230607,99.3,42,+26.05%,"NT$+21,711",到期,,v3,6週+6個持倉_全週期,78.5,20230426,2204,backup_v3,-7.175019316334959,0.0,68.19,15.119518991054411,0.0,21711.0,26.05,50-100,30-42日
3044,backup_v3,20230426,113.5,20230607,127.0,42,+11.45%,"NT$+9,541",到期,,v3,6週+6個持倉_全週期,113.5,20230426,3044,backup_v3,-5.176528177201249,0.0,114.1,-0.52585451358457,0.0,9541.0,11.45,100-200,30-42日
1580,backup_v3,20230607,134.5,20230609,124.5,2,-7.88%,"NT$-6,557",停損,,v3,6週+6個持倉_全週期,134.5,20230607,1580,backup_v3,-5.374177079134757,0.0,129.225,4.082027471464505,0.0,-6557.0,-7.88,100-200,<7日
8046,main,20230531,303.0,20230615,281.0,15,-7.70%,"NT$-6,404",停損,,v3,6週+6個持倉_全週期,303.0,20230531,8046,main,0.0,0.0,0.0,0.0,0.0,-6404.0,-7.7,300-500,14-30日
2457,backup_v3,20230607,81.5,20230627,75.6,20,-7.68%,"NT$-6,401",停損,,v3,6週+6個持倉_全週期,81.5,20230607,2457,backup_v3,-5.852983796601238,0.0,76.68,6.2858633281168395,0.0,-6401.0,-7.68,50-100,14-30日
2729,backup_v3,20230607,304.5,20230712,283.0,35,-7.50%,"NT$-6,246",停損,,v3,6週+6個持倉_全週期,304.5,20230607,2729,backup_v3,-12.03781512605042,0.0,280.7,8.478802992518709,0.0,-6246.0,-7.5,300-500,30-42日
4551,backup_v3,20230705,159.5,20230712,146.5,7,-8.59%,"NT$-7,151",停損,,v3,6週+6個持倉_全週期,159.5,20230705,4551,backup_v3,-14.354066985645932,0.0,148.875,7.136859781696053,0.0,-7151.0,-8.59,100-200,<7日
2368,backup_v3,20230607,134.5,20230719,171.5,42,+27.07%,"NT$+22,530",到期,,v3,6週+6個持倉_全週期,134.5,20230607,2368,backup_v3,-5.365970887118923,0.0,114.785,17.17558914492312,0.0,22530.0,27.07,100-200,30-42日
2383,backup_v3,20230607,230.0,20230719,318.0,42,+37.82%,"NT$+31,445",到期,,v3,6週+6個持倉_全週期,230.0,20230607,2383,backup_v3,-5.83259299316312,0.0,193.275,19.00142284309921,0.0,31445.0,37.82,200-300,30-42日
1533,backup_v3,20230614,61.9,20230726,58.5,42,-5.94%,"NT$-4,945",到期,,v3,6週+6個持倉_全週期,61.9,20230614,1533,backup_v3,-6.6280456636565,0.0,57.675,7.325530992631125,0.0,-4945.0,-5.94,50-100,30-42日
1560,backup_v3,20230621,127.0,20230802,131.5,42,+3.10%,"NT$+2,583",到期,,v3,6週+6個持倉_全週期,127.0,20230621,1560,backup_v3,-12.54371122391427,0.0,121.025,4.936996488328853,0.0,2583.0,3.1,100-200,30-42日
3704,backup_v3,20230712,55.0,20230804,50.7,23,-8.26%,"NT$-6,879",停損,,v3,6週+6個持倉_全週期,55.0,20230712,3704,backup_v3,-8.352413438624364,0.0,47.0675,16.85345514420778,0.0,-6879.0,-8.26,50-100,14-30日
3483,backup_v3,20230809,158.0,20230811,146.5,2,-7.72%,"NT$-6,426",停損,,v3,6週+6個持倉_全週期,158.0,20230809,3483,backup_v3,-12.88524215220996,0.0,137.64,14.792211566405125,0.0,-6426.0,-7.72,100-200,<7日
3551,backup_v3,20230809,73.8,20230814,68.2,5,-8.03%,"NT$-6,689",停損,,v3,6週+6個持倉_全週期,73.8,20230809,3551,backup_v3,-6.230071130733383,0.0,71.815,2.7640465083896117,0.0,-6689.0,-8.03,50-100,<7日
4555,backup_v3,20230712,54.3,20230823,53.0,42,-2.84%,"NT$-2,363",到期,,v3,6週+6個持倉_全週期,54.3,20230712,4555,backup_v3,-5.374001452432825,0.0,53.565,1.3721646597591701,0.0,-2363.0,-2.84,50-100,30-42日
3147,backup_v3,20230809,76.0,20230824,69.3,15,-9.26%,"NT$-7,709",停損,,v3,6週+6個持倉_全週期,76.0,20230809,3147,backup_v3,-10.793082886106141,0.0,76.035,-0.04603143289274227,0.0,-7709.0,-9.26,50-100,14-30日
2357,backup_v3,20230830,403.0,20230912,363.5,13,-10.24%,"NT$-8,516",停損,,v3,6週+6個持倉_全週期,403.0,20230830,2357,backup_v3,-7.837889671525211,0.0,387.9,3.892755864913643,0.0,-8516.0,-10.24,300-500,7-14日
1210,backup_v3,20230809,55.4,20230920,54.2,42,-2.61%,"NT$-2,174",到期,,v3,6週+6個持倉_全週期,55.4,20230809,1210,backup_v3,-5.06505001284821,0.0,57.505,-3.660551256412493,0.0,-2174.0,-2.61,50-100,30-42日
3362,backup_v3,20230809,134.0,20230920,148.0,42,+10.01%,"NT$+8,338",到期,,v3,6週+6個持倉_全週期,134.0,20230809,3362,backup_v3,-7.241837005574728,0.0,145.575,-7.95122788940408,0.0,8338.0,10.01,100-200,30-42日
2645,backup_v3,20230816,111.5,20230927,106.0,42,-5.38%,"NT$-4,477",到期,,v3,6週+6個持倉_全週期,111.5,20230816,2645,backup_v3,-12.907431551499348,0.0,107.925,3.3124855223534886,0.0,-4477.0,-5.38,100-200,30-42日
8081,backup_v3,20230816,226.5,20230927,265.0,42,+16.56%,"NT$+13,781",到期,,v3,6週+6個持倉_全週期,226.5,20230816,8081,backup_v3,-5.36972352140193,0.0,213.0,6.338028169014084,0.0,13781.0,16.56,200-300,30-42日
2211,backup_v3,20230823,68.4,20231004,70.1,42,+2.04%,"NT$+1,702",到期,,v3,6週+6個持倉_全週期,68.4,20230823,2211,backup_v3,-6.884422110552764,0.0,64.96,5.295566502463074,0.0,1702.0,2.04,50-100,30-42日
2385,backup_v3,20230913,114.0,20231025,124.5,42,+8.77%,"NT$+7,297",到期,,v3,6週+6個持倉_全週期,114.0,20230913,2385,backup_v3,-5.614692891868704,0.0,105.525,8.031272210376681,0.0,7297.0,8.77,100-200,30-42日
3592,main,20230920,358.5,20231101,368.0,42,+2.21%,"NT$+1,839",到期,,v3,6週+6個持倉_全週期,358.5,20230920,3592,main,0.0,0.0,0.0,0.0,0.0,1839.0,2.21,300-500,30-42日
2363,backup_v3,20231108,49.0,20231109,44.15,1,-10.34%,"NT$-8,616",停損,,v3,6週+6個持倉_全週期,49.0,20231108,2363,backup_v3,-5.254129702117369,0.0,51.73,-5.277401894451956,0.0,-8616.0,-10.34,<50,<7日
3036,backup_v3,20231108,149.5,20231110,138.5,2,-7.80%,"NT$-6,493",停損,,v3,6週+6個持倉_全週期,149.5,20231108,3036,backup_v3,-5.2333872041068545,0.0,120.75,23.809523809523807,0.0,-6493.0,-7.8,100-200,<7日
4967,backup_v3,20231108,92.3,20231201,85.2,23,-8.13%,"NT$-6,775",停損,,v3,6週+6個持倉_全週期,92.3,20231108,4967,backup_v3,-17.57650264145928,0.0,79.22,16.510982075233525,0.0,-6775.0,-8.13,50-100,14-30日
6789,main,20231206,305.0,20231219,277.5,13,-9.46%,"NT$-7,858",停損,,v3,6週+6個持倉_全週期,305.0,20231206,6789,main,0.0,0.0,0.0,0.0,0.0,-7858.0,-9.46,300-500,7-14日
2233,backup_v3,20231108,141.0,20231220,139.0,42,-1.86%,"NT$-1,550",到期,,v3,6週+6個持倉_全週期,141.0,20231108,2233,backup_v3,-6.674065168470052,0.0,137.825,2.30364592780701,0.0,-1550.0,-1.86,100-200,30-42日
2347,backup_v3,20231108,68.8,20231220,68.6,42,-0.73%,NT$-611,到期,,v3,6週+6個持倉_全週期,68.8,20231108,2347,backup_v3,-5.911713618304151,0.0,67.85,1.4001473839351555,0.0,-611.0,-0.73,50-100,30-42日
3532,backup_v3,20231108,156.5,20231220,184.0,42,+17.13%,"NT$+14,255",到期,,v3,6週+6個持倉_全週期,156.5,20231108,3532,backup_v3,-5.80817730225449,0.0,154.725,1.147196639198582,0.0,14255.0,17.13,100-200,30-42日
3086,backup_v3,20240110,156.0,20240118,144.0,8,-8.13%,"NT$-6,774",停損,,v3,6週+6個持倉_全週期,156.0,20240110,3086,backup_v3,-7.693655800911321,0.0,141.375,10.344827586206897,0.0,-6774.0,-8.13,100-200,7-14日
2382,backup_v3,20240110,218.0,20240221,236.0,42,+7.81%,"NT$+6,500",到期,,v3,6週+6個持倉_全週期,218.0,20240110,2382,backup_v3,-6.910193923052992,0.0,212.75,2.4676850763807283,0.0,6500.0,7.81,200-300,30-42日
2603,backup_v3,20240110,148.0,20240221,155.0,42,+4.29%,"NT$+3,571",到期,,v3,6週+6個持倉_全週期,148.0,20240110,2603,backup_v3,-8.614853046440661,0.0,147.275,0.492276353759969,0.0,3571.0,4.29,100-200,30-42日
2609,backup_v3,20240110,48.8,20240221,48.35,42,-1.36%,"NT$-1,137",到期,,v3,6週+6個持倉_全週期,48.8,20240110,2609,backup_v3,-6.147890267280289,0.0,51.4775,-5.201301539507556,0.0,-1137.0,-1.36,<50,30-42日
3025,backup_v3,20240110,57.7,20240221,73.0,42,+26.07%,"NT$+21,725",到期,,v3,6週+6個持倉_全週期,57.7,20240110,3025,backup_v3,-41.503200495560606,0.0,51.0475,13.031980018610126,0.0,21725.0,26.07,50-100,30-42日
3413,backup_v3,20240110,211.0,20240221,230.0,42,+8.56%,"NT$+7,128",到期,,v3,6週+6個持倉_全週期,211.0,20240110,3413,backup_v3,-5.590201696724535,0.0,204.625,3.1154551007941356,0.0,7128.0,8.56,200-300,30-42日
6462,main,20240306,293.5,20240307,265.5,1,-9.98%,"NT$-8,303",停損,,v3,6週+6個持倉_全週期,293.5,20240306,6462,main,0.0,0.0,0.0,0.0,0.0,-8303.0,-9.98,200-300,<7日
3231,backup_v3,20240131,114.5,20240313,116.5,42,+1.30%,"NT$+1,086",到期,,v3,6週+6個持倉_全週期,114.5,20240131,3231,backup_v3,-10.114534649742525,0.0,104.705,9.354854113939163,0.0,1086.0,1.3,100-200,30-42日
3042,backup_v3,20240320,120.5,20240401,110.5,12,-8.74%,"NT$-7,278",停損,,v3,6週+6個持倉_全週期,120.5,20240320,3042,backup_v3,-7.3905638180189985,0.0,106.945,12.674739352003373,0.0,-7278.0,-8.74,100-200,7-14日
3438,backup_v3,20240320,90.5,20240402,83.5,13,-8.18%,"NT$-6,811",停損,,v3,6週+6個持倉_全週期,90.5,20240320,3438,backup_v3,-5.070167496604799,0.0,85.24,6.170811825434075,0.0,-6811.0,-8.18,50-100,7-14日
1522,backup_v3,20240403,58.5,20240411,53.7,8,-8.65%,"NT$-7,204",停損,,v3,6週+6個持倉_全週期,58.5,20240403,1522,backup_v3,-8.70949074074074,0.0,50.1425,16.667497631749516,0.0,-7204.0,-8.65,50-100,7-14日
1799,backup_v3,20240403,69.0,20240419,63.6,16,-8.27%,"NT$-6,890",停損,,v3,6週+6個持倉_全週期,69.0,20240403,1799,backup_v3,-3.904455672944419,0.0,63.945,7.905231057940417,0.0,-6890.0,-8.27,50-100,14-30日
1216,backup_v3,20240320,76.5,20240501,76.5,42,-0.44%,NT$-368,到期,,v3,6週+6個持倉_全週期,76.5,20240320,1216,backup_v3,-5.178712175730784,0.0,76.435,0.08503957611041764,0.0,-368.0,-0.44,50-100,30-42日
1503,backup_v3,20240320,242.5,20240501,292.0,42,+19.97%,"NT$+16,634",到期,,v3,6週+6個持倉_全週期,242.5,20240320,1503,backup_v3,-8.563855523066243,0.0,189.2,28.171247357293876,0.0,16634.0,19.97,200-300,30-42日
2317,backup_v3,20240320,138.0,20240501,156.0,42,+12.60%,"NT$+10,501",到期,,v3,6週+6個持倉_全週期,138.0,20240320,2317,backup_v3,-9.289139462061136,0.0,113.275,21.827411167512683,0.0,10501.0,12.6,100-200,30-42日
3030,backup_v3,20240320,80.5,20240501,106.0,42,+31.23%,"NT$+26,011",到期,,v3,6週+6個持倉_全週期,80.5,20240320,3030,backup_v3,-6.021468342804661,0.0,75.695,6.347843318581157,0.0,26011.0,31.23,50-100,30-42日
2404,main,20240424,412.5,20240508,383.0,14,-7.59%,"NT$-6,305",停損,,v3,6週+6個持倉_全週期,412.5,20240424,2404,main,0.0,0.0,0.0,0.0,0.0,-6305.0,-7.59,300-500,7-14日
2739,backup_v3,20240508,73.4,20240513,64.6,5,-12.43%,"NT$-10,353",停損,,v3,6週+6個持倉_全週期,73.4,20240508,2739,backup_v3,-23.33748098990737,0.0,59.205,23.97601553922812,0.0,-10353.0,-12.43,50-100,<7日
2745,backup_v3,20240508,125.0,20240523,111.0,15,-11.64%,"NT$-9,692",停損,,v3,6週+6個持倉_全週期,125.0,20240508,2745,backup_v3,-20.956138315154327,0.0,107.625,16.144018583042975,0.0,-9692.0,-11.64,100-200,14-30日
2545,backup_v3,20240508,60.5,20240619,56.8,42,-6.56%,"NT$-5,463",到期,,v3,6週+6個持倉_全週期,60.5,20240508,2545,backup_v3,-7.267120498050852,0.0,55.0025,9.995000227262402,0.0,-5463.0,-6.56,50-100,30-42日
3003,backup_v3,20240508,78.0,20240619,76.6,42,-2.24%,"NT$-1,863",到期,,v3,6週+6個持倉_全週期,78.0,20240508,3003,backup_v3,-5.452515051466304,0.0,72.745,7.223864183105361,0.0,-1863.0,-2.24,50-100,30-42日
3466,backup_v3,20240508,57.1,20240619,87.8,42,+53.32%,"NT$+44,425",到期,,v3,6週+6個持倉_全週期,57.1,20240508,3466,backup_v3,-21.164838560173028,0.0,43.3525,31.710973992272656,0.0,44425.0,53.32,50-100,30-42日
3491,backup_v3,20240508,207.0,20240619,286.0,42,+37.72%,"NT$+31,435",到期,,v3,6週+6個持倉_全週期,207.0,20240508,3491,backup_v3,-7.23089564502876,0.0,187.1,10.63602351683592,0.0,31435.0,37.72,200-300,30-42日
2451,backup_v3,20240626,124.5,20240628,115.0,2,-8.07%,"NT$-6,724",停損,,v3,6週+6個持倉_全週期,124.5,20240626,2451,backup_v3,-5.757190817530169,0.0,121.225,2.70158795627965,0.0,-6724.0,-8.07,100-200,<7日
3006,backup_v3,20240626,102.0,20240719,93.7,23,-8.58%,"NT$-7,143",停損,,v3,6週+6個持倉_全週期,102.0,20240626,3006,backup_v3,-9.021761802127513,0.0,96.745,5.431805261253807,0.0,-7143.0,-8.58,100-200,14-30日
1785,backup_v3,20240626,67.5,20240729,60.9,33,-10.22%,"NT$-8,511",停損,,v3,6週+6個持倉_全週期,67.5,20240626,1785,backup_v3,-8.80085525925046,0.0,54.7875,23.203285420944557,0.0,-8511.0,-10.22,50-100,30-42日
2467,backup_v3,20240703,206.0,20240729,184.5,26,-10.88%,"NT$-9,045",停損,,v3,6週+6個持倉_全週期,206.0,20240703,2467,backup_v3,-5.27982527982528,0.0,145.375,41.70249355116079,0.0,-9045.0,-10.88,200-300,14-30日
6231,main,20240619,398.0,20240731,410.5,42,+2.70%,"NT$+2,248",到期,,v3,6週+6個持倉_全週期,398.0,20240619,6231,main,0.0,0.0,0.0,0.0,0.0,2248.0,2.7,300-500,30-42日
1615,backup_v3,20240626,69.3,20240805,60.8,40,-12.71%,"NT$-10,583",停損,,v3,6週+6個持倉_全週期,69.3,20240626,1615,backup_v3,-6.446991404011461,0.0,70.28,-1.3944223107569778,0.0,-10583.0,-12.71,50-100,30-42日
2548,backup_v3,20240731,166.5,20240805,148.0,5,-11.55%,"NT$-9,613",停損,,v3,6週+6個持倉_全週期,166.5,20240731,2548,backup_v3,-6.102253985706432,0.0,154.8,7.558139534883714,0.0,-9613.0,-11.55,100-200,<7日
4933,backup_v3,20240731,72.8,20240805,61.2,5,-16.38%,"NT$-13,646",停損,,v3,6週+6個持倉_全週期,72.8,20240731,4933,backup_v3,-5.003038282357707,0.0,69.375,4.936936936936933,0.0,-13646.0,-16.38,50-100,<7日
5519,backup_v3,20240731,55.4,20240805,49.15,5,-11.72%,"NT$-9,770",停損,,v3,6週+6個持倉_全週期,55.4,20240731,5519,backup_v3,-7.215189873417721,0.0,51.2225,8.155595685489779,0.0,-9770.0,-11.72,50-100,<7日
5534,backup_v3,20240731,136.5,20240806,118.5,6,-13.63%,"NT$-11,346",停損,,v3,6週+6個持倉_全週期,136.5,20240731,5534,backup_v3,-8.322005739314303,0.0,125.625,8.656716417910449,0.0,-11346.0,-13.63,100-200,<7日
1442,backup_v3,20240626,60.3,20240807,64.2,42,+6.03%,"NT$+5,021",到期,,v3,6週+6個持倉_全週期,60.3,20240626,1442,backup_v3,-7.337714954533177,0.0,61.535,-2.0069878930689846,0.0,5021.0,6.03,50-100,30-42日
2597,backup_v3,20240807,205.0,20240814,154.0,7,-25.32%,"NT$-21,052",停損,,v3,6週+6個持倉_全週期,205.0,20240807,2597,backup_v3,-5.515565952852258,0.0,202.725,1.1222098902454092,0.0,-21052.0,-25.32,200-300,<7日
4562,backup_v3,20240814,79.4,20240821,73.6,7,-7.75%,"NT$-6,456",停損,,v3,6週+6個持倉_全週期,79.4,20240814,4562,backup_v3,-9.803232607167956,0.0,63.84,24.3734335839599,0.0,-6456.0,-7.75,50-100,<7日
4420,backup_v3,20240807,63.4,20240916,55.2,40,-13.38%,"NT$-11,142",停損,,v3,6週+6個持倉_全週期,63.4,20240807,4420,backup_v3,-6.545852210592094,0.0,60.175,5.3593685085168286,0.0,-11142.0,-13.38,50-100,30-42日
6629,backup_v3,20240807,121.0,20240918,131.5,42,+8.24%,"NT$+6,855",到期,,v3,6週+6個持倉_全週期,121.0,20240807,6629,backup_v3,-15.148413510747186,0.0,116.5,3.862660944206009,0.0,6855.0,8.24,100-200,30-42日
2250,backup_v3,20240814,94.4,20240925,106.5,42,+12.38%,"NT$+10,307",到期,,v3,6週+6個持倉_全週期,94.4,20240814,2250,backup_v3,-5.30579181855002,0.0,92.395,2.1700308458250013,0.0,10307.0,12.38,50-100,30-42日
8249,backup_v3,20240918,56.9,20241004,50.8,16,-11.16%,"NT$-9,300",停損,,v3,6週+6個持倉_全週期,56.9,20240918,8249,backup_v3,-5.477646266898525,0.0,36.76,54.78781284004353,0.0,-9300.0,-11.16,50-100,14-30日
3019,backup_v3,20240904,116.5,20241011,103.5,37,-11.60%,"NT$-9,664",停損,,v3,6週+6個持倉_全週期,116.5,20240904,3019,backup_v3,-6.353625727335293,0.0,116.015,0.41804939016506437,0.0,-9664.0,-11.6,100-200,30-42日
1472,backup_v3,20240904,59.3,20241016,60.5,42,+1.58%,"NT$+1,317",到期,,v3,6週+6個持倉_全週期,59.3,20240904,1472,backup_v3,-12.7838519764508,0.0,57.285,3.5175002182072106,0.0,1317.0,1.58,50-100,30-42日
2543,backup_v3,20240904,70.7,20241016,94.3,42,+32.94%,"NT$+27,448",到期,,v3,6週+6個持倉_全週期,70.7,20240904,2543,backup_v3,-7.144092717522919,0.0,68.81,2.746693794506613,0.0,27448.0,32.94,50-100,30-42日
2397,backup_v3,20241030,86.3,20241108,79.8,9,-7.97%,"NT$-6,644",停損,,v3,6週+6個持倉_全週期,86.3,20241030,2397,backup_v3,-7.9340046099720976,0.0,79.165,9.012821322554148,0.0,-6644.0,-7.97,50-100,7-14日
4549,backup_v3,20241030,158.5,20241111,144.0,12,-9.59%,"NT$-7,992",停損,,v3,6週+6個持倉_全週期,158.5,20241030,4549,backup_v3,-10.480847595762022,0.0,164.25,-3.50076103500761,0.0,-7992.0,-9.59,100-200,7-14日
3447,backup_v3,20241030,79.2,20241127,71.8,28,-9.79%,"NT$-8,150",停損,,v3,6週+6個持倉_全週期,79.2,20241030,3447,backup_v3,-11.31438221221503,0.0,55.7725,42.00546864494151,0.0,-8150.0,-9.79,50-100,14-30日
3356,backup_v3,20241030,62.1,20241128,56.3,29,-9.78%,"NT$-8,152",停損,,v3,6週+6個持倉_全週期,62.1,20241030,3356,backup_v3,-9.712589469011819,0.0,62.87,-1.2247494830602768,0.0,-8152.0,-9.78,50-100,14-30日
2049,backup_v3,20241030,236.5,20241211,252.5,42,+6.32%,"NT$+5,256",到期,,v3,6週+6個持倉_全週期,236.5,20241030,2049,backup_v3,-5.091922791912206,0.0,233.05,1.4803690195237025,0.0,5256.0,6.32,200-300,30-42日
2354,backup_v3,20241030,80.6,20241211,83.8,42,+3.53%,"NT$+2,939",到期,,v3,6週+6個持倉_全週期,80.6,20241030,2354,backup_v3,-6.437897754522479,0.0,68.45,17.750182615047468,0.0,2939.0,3.53,50-100,30-42日
3563,main,20250312,569.0,20250327,523.0,15,-8.53%,"NT$-7,094",停損,,v3,6週+6個持倉_全週期,569.0,20250312,3563,main,0.0,0.0,0.0,0.0,0.0,-7094.0,-8.53,500+,14-30日
7722,main,20250326,724.0,20250331,630.0,5,-13.43%,"NT$-11,097",停損,,v3,6週+6個持倉_全週期,724.0,20250326,7722,main,0.0,0.0,0.0,0.0,0.0,-11097.0,-13.43,500+,<7日
2468,backup_v3,20250416,63.9,20250417,58.3,1,-9.21%,"NT$-7,670",停損,,v3,6週+6個持倉_全週期,63.9,20250416,2468,backup_v3,-10.486891385767791,0.0,52.095,22.660524042614455,0.0,-7670.0,-9.21,50-100,<7日
2466,backup_v3,20250423,108.5,20250428,93.5,5,-14.27%,"NT$-11,875",停損,,v3,6週+6個持倉_全週期,108.5,20250423,2466,backup_v3,-7.058068655758742,0.0,88.245,22.953141821066342,0.0,-11875.0,-14.27,100-200,<7日
6865,backup_v3,20250423,82.8,20250505,75.8,12,-8.90%,"NT$-7,414",停損,,v3,6週+6個持倉_全週期,82.8,20250423,6865,backup_v3,-5.991440798858773,0.0,70.45,17.53016323633782,0.0,-7414.0,-8.9,50-100,7-14日
4949,backup_v3,20250430,58.3,20250505,51.2,5,-12.62%,"NT$-10,515",停損,,v3,6週+6個持倉_全週期,58.3,20250430,4949,backup_v3,-12.173324306025728,0.0,41.2475,41.34189950906114,0.0,-10515.0,-12.62,50-100,<7日
6752,backup_v3,20250507,189.5,20250515,172.5,8,-9.41%,"NT$-7,842",停損,,v3,6週+6個持倉_全週期,189.5,20250507,6752,backup_v3,-12.705272255834055,0.0,152.85,23.97775596990514,0.0,-7842.0,-9.41,100-200,7-14日
6887,backup_v3,20250430,92.1,20250527,84.8,27,-8.37%,"NT$-6,970",停損,,v3,6週+6個持倉_全週期,92.1,20250430,6887,backup_v3,-8.032955715756952,0.0,91.91,0.20672396910020427,0.0,-6970.0,-8.37,50-100,14-30日
6023,backup_v3,20250416,80.6,20250528,83.6,42,+3.28%,"NT$+2,732",到期,,v3,6週+6個持倉_全週期,80.6,20250416,6023,backup_v3,-8.583716623857596,0.0,80.82,-0.27220984904726414,0.0,2732.0,3.28,50-100,30-42日
6680,backup_v3,20250430,79.3,20250529,0.0,29,-100.44%,"NT$-83,673",停損,,v3,6週+6個持倉_全週期,79.3,20250430,6680,backup_v3,-6.480648064806481,0.0,75.625,4.859504132231401,0.0,-83673.0,-100.44,50-100,14-30日
2615,backup_v3,20250528,112.5,20250605,104.0,8,-8.00%,"NT$-6,659",停損,,v3,6週+6個持倉_全週期,112.5,20250528,2615,backup_v3,-22.999396044088783,0.0,101.085,11.292476628579914,0.0,-6659.0,-8.0,100-200,7-14日
2756,backup_v3,20250507,96.0,20250618,114.0,42,+18.31%,"NT$+15,242",到期,,v3,6週+6個持倉_全週期,96.0,20250507,2756,backup_v3,-5.159842961301178,0.0,85.95,11.692844677137867,0.0,15242.0,18.31,50-100,30-42日
4749,main,20250618,657.0,20250704,596.0,16,-9.73%,"NT$-8,064",停損,,v3,6週+6個持倉_全週期,657.0,20250618,4749,main,0.0,0.0,0.0,0.0,0.0,-8064.0,-9.73,500+,14-30日
1583,backup_v3,20250528,59.5,20250707,55.2,40,-7.67%,"NT$-6,389",停損,,v3,6週+6個持倉_全週期,59.5,20250528,1583,backup_v3,-5.084745762711865,0.0,59.595,-0.15940934642167776,0.0,-6389.0,-7.67,50-100,30-42日
6919,main,20250702,1345.0,20250707,1240.0,5,-8.25%,"NT$-6,778",停損,,v3,6週+6個持倉_全週期,1345.0,20250702,6919,main,0.0,0.0,0.0,0.0,0.0,-6778.0,-8.25,500+,<7日
2345,backup_v3,20250528,736.0,20250709,796.0,42,+7.71%,"NT$+6,421",到期,,v3,6週+6個持倉_全週期,736.0,20250528,2345,backup_v3,-8.289317247159257,0.0,686.05,7.28081043655711,0.0,6421.0,7.71,500+,30-42日
5536,main,20250723,494.5,20250903,854.0,42,+72.26%,"NT$+60,114",到期,,v3,6週+6個持倉_全週期,494.5,20250723,5536,main,0.0,0.0,0.0,0.0,0.0,60114.0,72.26,300-500,30-42日
3323,backup_v3,20251001,51.8,20251007,46.4,6,-10.87%,"NT$-9,053",停損,,v3,6週+6個持倉_全週期,51.8,20251001,3323,backup_v3,-5.3549269782684785,0.0,48.86,6.01719197707736,0.0,-9053.0,-10.87,50-100,<7日
5475,backup_v3,20251001,65.1,20251014,60.3,13,-7.82%,"NT$-6,512",停損,,v3,6週+6個持倉_全週期,65.1,20251001,5475,backup_v3,-8.217036637012193,0.0,53.4275,21.847363249263005,0.0,-6512.0,-7.82,50-100,7-14日
6720,backup_v3,20251001,134.5,20251020,123.5,19,-8.62%,"NT$-7,176",停損,,v3,6週+6個持倉_全週期,134.5,20251001,6720,backup_v3,-5.633802816901409,0.0,132.25,1.7013232514177694,0.0,-7176.0,-8.62,100-200,14-30日
1504,backup_v3,20251001,104.5,20251112,106.0,42,+0.99%,NT$+827,到期,,v3,6週+6個持倉_全週期,104.5,20251001,1504,backup_v3,-7.9603825524306835,0.0,86.18,21.25783244372243,0.0,827.0,0.99,100-200,30-42日
6994,backup_v3,20251001,95.2,20251112,94.0,42,-1.70%,"NT$-1,419",到期,,v3,6週+6個持倉_全週期,95.2,20251001,6994,backup_v3,-5.461465271170314,0.0,92.955,2.4151471141950456,0.0,-1419.0,-1.7,50-100,30-42日
3528,backup_v3,20251008,74.4,20251114,68.2,37,-8.78%,"NT$-7,310",停損,,v3,6週+6個持倉_全週期,74.4,20251008,3528,backup_v3,-6.036602021305654,0.0,72.43,2.719867458235536,0.0,-7310.0,-8.78,50-100,30-42日
2607,backup_v3,20251014,58.6,20251125,58.2,42,-1.13%,NT$-938,到期,,v3,6週+6個持倉_全週期,58.6,20251014,2607,backup_v3,-15.779444557064668,0.0,40.4325,44.93291287949052,0.0,-938.0,-1.13,50-100,30-42日
2066,backup_v3,20230308,90.0,20230316,83.5,8,-7.66%,"NT$-12,773",停損,,v3,90天+3個持倉_2023年,90.0,20230308,2066,backup_v3,-7.217847769028872,0.0,86.385,4.184754297621109,0.0,-12773.0,-7.66,50-100,7-14日
1590,backup_v3,20230308,1125.0,20230426,1030.0,49,-8.89%,"NT$-14,718",停損,,v3,90天+3個持倉_2023年,1125.0,20230308,1590,backup_v3,-8.14290312198262,0.0,1093.25,2.904184770180654,0.0,-14718.0,-8.89,500+,42-90日
6472,main,20230222,493.0,20230523,807.0,90,+63.25%,"NT$+105,233",到期,,v3,90天+3個持倉_2023年,493.0,20230222,6472,main,0.0,0.0,0.0,0.0,0.0,105233.0,63.25,300-500,42-90日
8046,main,20230531,303.0,20230615,281.0,15,-7.70%,"NT$-12,832",停損,,v3,90天+3個持倉_2023年,303.0,20230531,8046,main,0.0,0.0,0.0,0.0,0.0,-12832.0,-7.7,300-500,14-30日
1476,backup_v3,20230426,488.5,20230725,549.0,90,+11.94%,"NT$+19,863",到期,,v3,90天+3個持倉_2023年,488.5,20230426,1476,backup_v3,-7.864609258337481,0.0,487.35,0.23597004206422023,0.0,19863.0,11.94,300-500,42-90日
1519,backup_v3,20230607,155.0,20230905,289.0,90,+86.01%,"NT$+143,250",到期,,v3,90天+3個持倉_2023年,155.0,20230607,1519,backup_v3,-10.771416785075859,0.0,131.67,17.718538771170362,0.0,143250.0,86.01,100-200,42-90日
1477,backup_v3,20230621,272.5,20230919,319.0,90,+16.62%,"NT$+27,669",到期,,v3,90天+3個持倉_2023年,272.5,20230621,1477,backup_v3,-5.2722359569941935,0.0,234.4,16.254266211604094,0.0,27669.0,16.62,200-300,42-90日
3533,backup_v3,20230906,875.0,20230921,812.0,15,-7.64%,"NT$-12,724",停損,,v3,90天+3個持倉_2023年,875.0,20230906,3533,backup_v3,-11.869009584664537,0.0,812.65,7.6724297052851815,0.0,-12724.0,-7.64,500+,14-30日
1210,backup_v3,20230809,55.4,20231020,51.2,72,-8.02%,"NT$-13,372",停損,,v3,90天+3個持倉_2023年,55.4,20230809,1210,backup_v3,-5.06505001284821,0.0,57.505,-3.660551256412493,0.0,-13372.0,-8.02,50-100,42-90日
3592,main,20230920,358.5,20231219,388.0,90,+7.79%,"NT$+12,970",到期,,v3,90天+3個持倉_2023年,358.5,20230920,3592,main,0.0,0.0,0.0,0.0,0.0,12970.0,7.79,300-500,42-90日
1342,backup_v3,20221221,134.5,20221227,122.5,6,-9.36%,"NT$-15,602",停損,,v3,90天+3個持倉_全週期,134.5,20221221,1342,backup_v3,-5.785592739648326,0.0,117.07,14.888528230972927,0.0,-15602.0,-9.36,100-200,<7日
3443,main,20221207,742.0,20221228,636.0,21,-14.73%,"NT$-24,514",停損,,v3,90天+3個持倉_全週期,742.0,20221207,3443,main,0.0,0.0,0.0,0.0,0.0,-24514.0,-14.73,500+,14-30日
6472,main,20221207,400.0,20230307,497.5,90,+23.93%,"NT$+39,880",到期,,v3,90天+3個持倉_全週期,400.0,20221207,6472,main,0.0,0.0,0.0,0.0,0.0,39880.0,23.93,300-500,42-90日
2066,backup_v3,20230308,90.0,20230316,83.5,8,-7.66%,"NT$-12,773",停損,,v3,90天+3個持倉_全週期,90.0,20230308,2066,backup_v3,-7.217847769028872,0.0,86.385,4.184754297621109,0.0,-12773.0,-7.66,50-100,7-14日
3587,backup_v3,20221228,158.5,20230328,189.5,90,+19.12%,"NT$+31,859",到期,,v3,90天+3個持倉_全週期,158.5,20221228,3587,backup_v3,-5.132616487455198,0.0,158.25,0.1579778830963665,0.0,31859.0,19.12,100-200,42-90日
1752,backup_v3,20230426,77.7,20230511,70.2,15,-10.10%,"NT$-16,818",停損,,v3,90天+3個持倉_全週期,77.7,20230426,1752,backup_v3,-28.363552373253263,0.0,68.305,13.754483566356775,0.0,-16818.0,-10.1,50-100,14-30日
3680,backup_v3,20230308,313.0,20230606,348.5,90,+10.90%,"NT$+18,141",到期,,v3,90天+3個持倉_全週期,313.0,20230308,3680,backup_v3,-5.17688383373756,0.0,293.95,6.480693995577483,0.0,18141.0,10.9,300-500,42-90日
1580,backup_v3,20230607,134.5,20230609,124.5,2,-7.88%,"NT$-13,125",停損,,v3,90天+3個持倉_全週期,134.5,20230607,1580,backup_v3,-5.374177079134757,0.0,129.225,4.082027471464505,0.0,-13125.0,-7.88,100-200,<7日
8046,main,20230531,303.0,20230615,281.0,15,-7.70%,"NT$-12,832",停損,,v3,90天+3個持倉_全週期,303.0,20230531,8046,main,0.0,0.0,0.0,0.0,0.0,-12832.0,-7.7,300-500,14-30日
1720,backup_v3,20230426,68.8,20230725,66.6,90,-3.64%,"NT$-6,067",到期,,v3,90天+3個持倉_全週期,68.8,20230426,1720,backup_v3,-6.327637487607161,0.0,60.48,13.756613756613758,0.0,-6067.0,-3.64,50-100,42-90日
1533,backup_v3,20230614,61.9,20230810,56.9,57,-8.52%,"NT$-14,196",停損,,v3,90天+3個持倉_全週期,61.9,20230614,1533,backup_v3,-6.6280456636565,0.0,57.675,7.325530992631125,0.0,-14196.0,-8.52,50-100,42-90日
2645,backup_v3,20230816,111.5,20231016,102.0,61,-8.96%,"NT$-14,931",停損,,v3,90天+3個持倉_全週期,111.5,20230816,2645,backup_v3,-12.907431551499348,0.0,107.925,3.3124855223534886,0.0,-14931.0,-8.96,100-200,42-90日
1210,backup_v3,20230809,55.4,20231020,51.2,72,-8.02%,"NT$-13,372",停損,,v3,90天+3個持倉_全週期,55.4,20230809,1210,backup_v3,-5.06505001284821,0.0,57.505,-3.660551256412493,0.0,-13372.0,-8.02,50-100,42-90日
2233,backup_v3,20231108,141.0,20240112,131.0,65,-7.53%,"NT$-12,554",停損,,v3,90天+3個持倉_全週期,141.0,20231108,2233,backup_v3,-6.674065168470052,0.0,137.825,2.30364592780701,0.0,-12554.0,-7.53,100-200,42-90日
2347,backup_v3,20231108,68.8,20240206,71.5,90,+3.48%,"NT$+5,803",到期,,v3,90天+3個持倉_全週期,68.8,20231108,2347,backup_v3,-5.911713618304151,0.0,67.85,1.4001473839351555,0.0,5803.0,3.48,50-100,42-90日
6462,main,20240306,293.5,20240307,265.5,1,-9.98%,"NT$-16,636",停損,,v3,90天+3個持倉_全週期,293.5,20240306,6462,main,0.0,0.0,0.0,0.0,0.0,-16636.0,-9.98,200-300,<7日
3231,backup_v3,20240131,114.5,20240430,113.5,90,-1.32%,"NT$-2,192",到期,,v3,90天+3個持倉_全週期,114.5,20240131,3231,backup_v3,-10.114534649742525,0.0,104.705,9.354854113939163,0.0,-2192.0,-1.32,100-200,42-90日
1216,backup_v3,20240320,76.5,20240618,81.5,90,+6.09%,"NT$+10,153",到期,,v3,90天+3個持倉_全週期,76.5,20240320,1216,backup_v3,-5.178712175730784,0.0,76.435,0.08503957611041764,0.0,10153.0,6.09,50-100,42-90日
2545,backup_v3,20240508,60.5,20240628,55.9,51,-8.05%,"NT$-13,405",停損,,v3,90天+3個持倉_全週期,60.5,20240508,2545,backup_v3,-7.267120498050852,0.0,55.0025,9.995000227262402,0.0,-13405.0,-8.05,50-100,42-90日
2467,backup_v3,20240703,206.0,20240729,184.5,26,-10.88%,"NT$-18,112",停損,,v3,90天+3個持倉_全週期,206.0,20240703,2467,backup_v3,-5.27982527982528,0.0,145.375,41.70249355116079,0.0,-18112.0,-10.88,200-300,14-30日
6231,main,20240619,398.0,20240805,347.5,47,-13.13%,"NT$-21,876",停損,,v3,90天+3個持倉_全週期,398.0,20240619,6231,main,0.0,0.0,0.0,0.0,0.0,-21876.0,-13.13,300-500,42-90日
2548,backup_v3,20240731,166.5,20240805,148.0,5,-11.55%,"NT$-19,245",停損,,v3,90天+3個持倉_全週期,166.5,20240731,2548,backup_v3,-6.102253985706432,0.0,154.8,7.558139534883714,0.0,-19245.0,-11.55,100-200,<7日
2597,backup_v3,20240807,205.0,20240814,154.0,7,-25.32%,"NT$-42,157",停損,,v3,90天+3個持倉_全週期,205.0,20240807,2597,backup_v3,-5.515565952852258,0.0,202.725,1.1222098902454092,0.0,-42157.0,-25.32,200-300,<7日
4420,backup_v3,20240807,63.4,20240916,55.2,40,-13.38%,"NT$-22,293",停損,,v3,90天+3個持倉_全週期,63.4,20240807,4420,backup_v3,-6.545852210592094,0.0,60.175,5.3593685085168286,0.0,-22293.0,-13.38,50-100,30-42日
8249,backup_v3,20240918,56.9,20241004,50.8,16,-11.16%,"NT$-18,599",停損,,v3,90天+3個持倉_全週期,56.9,20240918,8249,backup_v3,-5.477646266898525,0.0,36.76,54.78781284004353,0.0,-18599.0,-11.16,50-100,14-30日
2049,backup_v3,20241030,236.5,20250128,293.0,90,+23.45%,"NT$+39,039",到期,,v3,90天+3個持倉_全週期,236.5,20241030,2049,backup_v3,-5.091922791912206,0.0,233.05,1.4803690195237025,0.0,39039.0,23.45,200-300,42-90日
3563,main,20250312,569.0,20250327,523.0,15,-8.53%,"NT$-14,187",停損,,v3,90天+3個持倉_全週期,569.0,20250312,3563,main,0.0,0.0,0.0,0.0,0.0,-14187.0,-8.53,500+,14-30日
2468,backup_v3,20250416,63.9,20250417,58.3,1,-9.21%,"NT$-15,341",停損,,v3,90天+3個持倉_全週期,63.9,20250416,2468,backup_v3,-10.486891385767791,0.0,52.095,22.660524042614455,0.0,-15341.0,-9.21,50-100,<7日
2466,backup_v3,20250423,108.5,20250428,93.5,5,-14.27%,"NT$-23,765",停損,,v3,90天+3個持倉_全週期,108.5,20250423,2466,backup_v3,-7.058068655758742,0.0,88.245,22.953141821066342,0.0,-23765.0,-14.27,100-200,<7日
4949,backup_v3,20250430,58.3,20250505,51.2,5,-12.62%,"NT$-21,030",停損,,v3,90天+3個持倉_全週期,58.3,20250430,4949,backup_v3,-12.173324306025728,0.0,41.2475,41.34189950906114,0.0,-21030.0,-12.62,50-100,<7日
2756,backup_v3,20250507,96.0,20250805,118.0,90,+22.47%,"NT$+37,443",到期,,v3,90天+3個持倉_全週期,96.0,20250507,2756,backup_v3,-5.159842961301178,0.0,85.95,11.692844677137867,0.0,37443.0,22.47,50-100,42-90日
1504,backup_v3,20251001,104.5,20251117,96.6,47,-8.00%,"NT$-13,332",停損,,v3,90天+3個持倉_全週期,104.5,20251001,1504,backup_v3,-7.9603825524306835,0.0,86.18,21.25783244372243,0.0,-13332.0,-8.0,100-200,42-90日
2066,backup_v3,20230308,90.0,20230316,83.5,8,-7.66%,"NT$-6,383",停損,,v3,90天+6個持倉_2023年,90.0,20230308,2066,backup_v3,-7.217847769028872,0.0,86.385,4.184754297621109,0.0,-6383.0,-7.66,50-100,7-14日
2388,backup_v3,20230308,87.3,20230418,80.5,41,-8.23%,"NT$-6,858",停損,,v3,90天+6個持倉_2023年,87.3,20230308,2388,backup_v3,-9.038903890389038,0.0,79.9,9.261576971214005,0.0,-6858.0,-8.23,50-100,30-42日
4763,main,20230419,480.0,20230421,435.0,2,-9.82%,"NT$-8,164",停損,,v3,90天+6個持倉_2023年,480.0,20230419,4763,main,0.0,0.0,0.0,0.0,0.0,-8164.0,-9.82,300-500,<7日
2637,backup_v3,20230308,67.2,20230425,62.0,48,-8.18%,"NT$-6,815",停損,,v3,90天+6個持倉_2023年,67.2,20230308,2637,backup_v3,-8.836071742129688,0.0,64.085,4.860731840524318,0.0,-6815.0,-8.18,50-100,42-90日
1590,backup_v3,20230308,1125.0,20230426,1030.0,49,-8.89%,"NT$-7,309",停損,,v3,90天+6個持倉_2023年,1125.0,20230308,1590,backup_v3,-8.14290312198262,0.0,1093.25,2.904184770180654,0.0,-7309.0,-8.89,500+,42-90日
1752,backup_v3,20230426,77.7,20230511,70.2,15,-10.10%,"NT$-8,405",停損,,v3,90天+6個持倉_2023年,77.7,20230426,1752,backup_v3,-28.363552373253263,0.0,68.305,13.754483566356775,0.0,-8405.0,-10.1,50-100,14-30日
6472,main,20230222,493.0,20230523,807.0,90,+63.25%,"NT$+52,460",到期,,v3,90天+6個持倉_2023年,493.0,20230222,6472,main,0.0,0.0,0.0,0.0,0.0,52460.0,63.25,300-500,42-90日
2474,backup_v3,20230308,187.5,20230606,188.0,90,-0.18%,NT$-146,到期,,v3,90天+6個持倉_2023年,187.5,20230308,2474,backup_v3,-5.166232073011734,0.0,187.8,-0.15974440894569295,0.0,-146.0,-0.18,100-200,42-90日
1580,backup_v3,20230607,134.5,20230609,124.5,2,-7.88%,"NT$-6,557",停損,,v3,90天+6個持倉_2023年,134.5,20230607,1580,backup_v3,-5.374177079134757,0.0,129.225,4.082027471464505,0.0,-6557.0,-7.88,100-200,<7日
8046,main,20230531,303.0,20230615,281.0,15,-7.70%,"NT$-6,404",停損,,v3,90天+6個持倉_2023年,303.0,20230531,8046,main,0.0,0.0,0.0,0.0,0.0,-6404.0,-7.7,300-500,14-30日
1476,backup_v3,20230426,488.5,20230725,549.0,90,+11.94%,"NT$+9,932",到期,,v3,90天+6個持倉_2023年,488.5,20230426,1476,backup_v3,-7.864609258337481,0.0,487.35,0.23597004206422023,0.0,9932.0,11.94,300-500,42-90日
1720,backup_v3,20230426,68.8,20230725,66.6,90,-3.64%,"NT$-3,032",到期,,v3,90天+6個持倉_2023年,68.8,20230426,1720,backup_v3,-6.327637487607161,0.0,60.48,13.756613756613758,0.0,-3032.0,-3.64,50-100,42-90日
1533,backup_v3,20230614,61.9,20230810,56.9,57,-8.52%,"NT$-7,098",停損,,v3,90天+6個持倉_2023年,61.9,20230614,1533,backup_v3,-6.6280456636565,0.0,57.675,7.325530992631125,0.0,-7098.0,-8.52,50-100,42-90日
3147,backup_v3,20230809,76.0,20230824,69.3,15,-9.26%,"NT$-7,709",停損,,v3,90天+6個持倉_2023年,76.0,20230809,3147,backup_v3,-10.793082886106141,0.0,76.035,-0.04603143289274227,0.0,-7709.0,-9.26,50-100,14-30日
1519,backup_v3,20230607,155.0,20230905,289.0,90,+86.01%,"NT$+71,558",到期,,v3,90天+6個持倉_2023年,155.0,20230607,1519,backup_v3,-10.771416785075859,0.0,131.67,17.718538771170362,0.0,71558.0,86.01,100-200,42-90日
2330,backup_v3,20230607,568.0,20230905,552.0,90,-3.26%,"NT$-2,707",到期,,v3,90天+6個持倉_2023年,568.0,20230607,2330,backup_v3,-7.9234010338492835,0.0,537.975,5.58111436405037,0.0,-2707.0,-3.26,500+,42-90日
6213,backup_v3,20230906,94.3,20230911,87.0,5,-8.18%,"NT$-6,816",停損,,v3,90天+6個持倉_2023年,94.3,20230906,6213,backup_v3,-5.175131582462797,0.0,83.945,12.335457740187033,0.0,-6816.0,-8.18,50-100,<7日
2357,backup_v3,20230830,403.0,20230912,363.5,13,-10.24%,"NT$-8,516",停損,,v3,90天+6個持倉_2023年,403.0,20230830,2357,backup_v3,-7.837889671525211,0.0,387.9,3.892755864913643,0.0,-8516.0,-10.24,300-500,7-14日
5340,backup_v3,20230906,72.9,20230912,67.0,6,-8.54%,"NT$-7,110",停損,,v3,90天+6個持倉_2023年,72.9,20230906,5340,backup_v3,-7.741318891366678,0.0,66.74,9.229847168115091,0.0,-7110.0,-8.54,50-100,<7日
3533,backup_v3,20230906,875.0,20230921,812.0,15,-7.64%,"NT$-6,362",停損,,v3,90天+6個持倉_2023年,875.0,20230906,3533,backup_v3,-11.869009584664537,0.0,812.65,7.6724297052851815,0.0,-6362.0,-7.64,500+,14-30日
1210,backup_v3,20230809,55.4,20231020,51.2,72,-8.02%,"NT$-6,686",停損,,v3,90天+6個持倉_2023年,55.4,20230809,1210,backup_v3,-5.06505001284821,0.0,57.505,-3.660551256412493,0.0,-6686.0,-8.02,50-100,42-90日
6751,backup_v3,20230913,88.8,20231101,82.0,49,-8.10%,"NT$-6,749",停損,,v3,90天+6個持倉_2023年,88.8,20230913,6751,backup_v3,-5.5391674860701405,0.0,87.135,1.910828025477698,0.0,-6749.0,-8.1,50-100,42-90日
3362,backup_v3,20230809,134.0,20231107,141.0,90,+4.78%,"NT$+3,984",到期,,v3,90天+6個持倉_2023年,134.0,20230809,3362,backup_v3,-7.241837005574728,0.0,145.575,-7.95122788940408,0.0,3984.0,4.78,100-200,42-90日
2363,backup_v3,20231108,49.0,20231109,44.15,1,-10.34%,"NT$-8,616",停損,,v3,90天+6個持倉_2023年,49.0,20231108,2363,backup_v3,-5.254129702117369,0.0,51.73,-5.277401894451956,0.0,-8616.0,-10.34,<50,<7日
2385,backup_v3,20230913,114.0,20231212,169.0,90,+47.80%,"NT$+39,784",到期,,v3,90天+6個持倉_2023年,114.0,20230913,2385,backup_v3,-5.614692891868704,0.0,105.525,8.031272210376681,0.0,39784.0,47.8,100-200,42-90日
6732,backup_v3,20230913,377.5,20231212,438.5,90,+15.72%,"NT$+13,071",到期,,v3,90天+6個持倉_2023年,377.5,20230913,6732,backup_v3,-5.9064247715182105,0.0,335.075,12.661344475117515,0.0,13071.0,15.72,300-500,42-90日
6789,main,20231206,305.0,20231219,277.5,13,-9.46%,"NT$-7,858",停損,,v3,90天+6個持倉_2023年,305.0,20231206,6789,main,0.0,0.0,0.0,0.0,0.0,-7858.0,-9.46,300-500,7-14日
1342,backup_v3,20221221,134.5,20221227,122.5,6,-9.36%,"NT$-7,795",停損,,v3,90天+6個持倉_全週期,134.5,20221221,1342,backup_v3,-5.785592739648326,0.0,117.07,14.888528230972927,0.0,-7795.0,-9.36,100-200,<7日
3443,main,20221207,742.0,20221228,636.0,21,-14.73%,"NT$-12,257",停損,,v3,90天+6個持倉_全週期,742.0,20221207,3443,main,0.0,0.0,0.0,0.0,0.0,-12257.0,-14.73,500+,14-30日
1477,backup_v3,20221221,240.0,20230131,218.0,41,-9.61%,"NT$-7,991",停損,,v3,90天+6個持倉_全週期,240.0,20221221,1477,backup_v3,-5.958419263140293,0.0,235.325,1.9866142568787895,0.0,-7991.0,-9.61,200-300,30-42日
6472,main,20221207,400.0,20230307,497.5,90,+23.93%,"NT$+19,940",到期,,v3,90天+6個持倉_全週期,400.0,20221207,6472,main,0.0,0.0,0.0,0.0,0.0,19940.0,23.93,300-500,42-90日
2066,backup_v3,20230308,90.0,20230316,83.5,8,-7.66%,"NT$-6,383",停損,,v3,90天+6個持倉_全週期,90.0,20230308,2066,backup_v3,-7.217847769028872,0.0,86.385,4.184754297621109,0.0,-6383.0,-7.66,50-100,7-14日
1476,backup_v3,20221221,472.5,20230321,457.0,90,-3.72%,"NT$-3,100",到期,,v3,90天+6個持倉_全週期,472.5,20221221,1476,backup_v3,-5.712862243627003,0.0,462.05,2.2616599935071937,0.0,-3100.0,-3.72,300-500,42-90日
1513,backup_v3,20221221,65.5,20230321,98.5,90,+49.94%,"NT$+41,601",到期,,v3,90天+6個持倉_全週期,65.5,20221221,1513,backup_v3,-6.111006476102169,0.0,62.905,4.125268261664413,0.0,41601.0,49.94,50-100,42-90日
3587,backup_v3,20221228,158.5,20230328,189.5,90,+19.12%,"NT$+15,929",到期,,v3,90天+6個持倉_全週期,158.5,20221228,3587,backup_v3,-5.132616487455198,0.0,158.25,0.1579778830963665,0.0,15929.0,19.12,100-200,42-90日
6719,main,20230322,332.0,20230328,307.5,6,-7.82%,"NT$-6,502",停損,,v3,90天+6個持倉_全週期,332.0,20230322,6719,main,0.0,0.0,0.0,0.0,0.0,-6502.0,-7.82,300-500,<7日
1605,backup_v3,20230208,52.7,20230331,48.75,51,-7.94%,"NT$-6,615",停損,,v3,90天+6個持倉_全週期,52.7,20230208,1605,backup_v3,-8.094260893357959,0.0,49.73,5.97225015081441,0.0,-6615.0,-7.94,50-100,42-90日
1752,backup_v3,20230426,77.7,20230511,70.2,15,-10.10%,"NT$-8,405",停損,,v3,90天+6個持倉_全週期,77.7,20230426,1752,backup_v3,-28.363552373253263,0.0,68.305,13.754483566356775,0.0,-8405.0,-10.1,50-100,14-30日
3178,backup_v3,20230426,82.5,20230511,76.1,15,-8.20%,"NT$-6,829",停損,,v3,90天+6個持倉_全週期,82.5,20230426,3178,backup_v3,-5.6630486078338835,0.0,83.16,-0.7936507936507896,0.0,-6829.0,-8.2,50-100,14-30日
1580,backup_v3,20230607,134.5,20230609,124.5,2,-7.88%,"NT$-6,557",停損,,v3,90天+6個持倉_全週期,134.5,20230607,1580,backup_v3,-5.374177079134757,0.0,129.225,4.082027471464505,0.0,-6557.0,-7.88,100-200,<7日
8046,main,20230531,303.0,20230615,281.0,15,-7.70%,"NT$-6,404",停損,,v3,90天+6個持倉_全週期,303.0,20230531,8046,main,0.0,0.0,0.0,0.0,0.0,-6404.0,-7.7,300-500,14-30日
1720,backup_v3,20230426,68.8,20230725,66.6,90,-3.64%,"NT$-3,032",到期,,v3,90天+6個持倉_全週期,68.8,20230426,1720,backup_v3,-6.327637487607161,0.0,60.48,13.756613756613758,0.0,-3032.0,-3.64,50-100,42-90日
2201,backup_v3,20230426,79.8,20230725,79.8,90,-0.44%,NT$-368,到期,,v3,90天+6個持倉_全週期,79.8,20230426,2201,backup_v3,-8.553741593593308,0.0,77.965,2.3536202141986706,0.0,-368.0,-0.44,50-100,42-90日
2204,backup_v3,20230426,78.5,20230725,86.8,90,+10.13%,"NT$+8,442",到期,,v3,90天+6個持倉_全週期,78.5,20230426,2204,backup_v3,-7.175019316334959,0.0,68.19,15.119518991054411,0.0,8442.0,10.13,50-100,42-90日
3044,backup_v3,20230426,113.5,20230725,150.0,90,+31.72%,"NT$+26,424",到期,,v3,90天+6個持倉_全週期,113.5,20230426,3044,backup_v3,-5.176528177201249,0.0,114.1,-0.52585451358457,0.0,26424.0,31.72,100-200,42-90日
1533,backup_v3,20230614,61.9,20230810,56.9,57,-8.52%,"NT$-7,098",停損,,v3,90天+6個持倉_全週期,61.9,20230614,1533,backup_v3,-6.6280456636565,0.0,57.675,7.325530992631125,0.0,-7098.0,-8.52,50-100,42-90日
3483,backup_v3,20230809,158.0,20230811,146.5,2,-7.72%,"NT$-6,426",停損,,v3,90天+6個持倉_全週期,158.0,20230809,3483,backup_v3,-12.88524215220996,0.0,137.64,14.792211566405125,0.0,-6426.0,-7.72,100-200,<7日
3551,backup_v3,20230809,73.8,20230814,68.2,5,-8.03%,"NT$-6,689",停損,,v3,90天+6個持倉_全週期,73.8,20230809,3551,backup_v3,-6.230071130733383,0.0,71.815,2.7640465083896117,0.0,-6689.0,-8.03,50-100,<7日
3147,backup_v3,20230809,76.0,20230824,69.3,15,-9.26%,"NT$-7,709",停損,,v3,90天+6個持倉_全週期,76.0,20230809,3147,backup_v3,-10.793082886106141,0.0,76.035,-0.04603143289274227,0.0,-7709.0,-9.26,50-100,14-30日
2357,backup_v3,20230830,403.0,20230912,363.5,13,-10.24%,"NT$-8,516",停損,,v3,90天+6個持倉_全週期,403.0,20230830,2357,backup_v3,-7.837889671525211,0.0,387.9,3.892755864913643,0.0,-8516.0,-10.24,300-500,7-14日
2645,backup_v3,20230816,111.5,20231016,102.0,61,-8.96%,"NT$-7,466",停損,,v3,90天+6個持倉_全週期,111.5,20230816,2645,backup_v3,-12.907431551499348,0.0,107.925,3.3124855223534886,0.0,-7466.0,-8.96,100-200,42-90日
1210,backup_v3,20230809,55.4,20231020,51.2,72,-8.02%,"NT$-6,686",停損,,v3,90天+6個持倉_全週期,55.4,20230809,1210,backup_v3,-5.06505001284821,0.0,57.505,-3.660551256412493,0.0,-6686.0,-8.02,50-100,42-90日
3362,backup_v3,20230809,134.0,20231107,141.0,90,+4.78%,"NT$+3,984",到期,,v3,90天+6個持倉_全週期,134.0,20230809,3362,backup_v3,-7.241837005574728,0.0,145.575,-7.95122788940408,0.0,3984.0,4.78,100-200,42-90日
2363,backup_v3,20231108,49.0,20231109,44.15,1,-10.34%,"NT$-8,616",停損,,v3,90天+6個持倉_全週期,49.0,20231108,2363,backup_v3,-5.254129702117369,0.0,51.73,-5.277401894451956,0.0,-8616.0,-10.34,<50,<7日
8081,backup_v3,20230816,226.5,20231114,269.0,90,+18.32%,"NT$+15,251",到期,,v3,90天+6個持倉_全週期,226.5,20230816,8081,backup_v3,-5.36972352140193,0.0,213.0,6.338028169014084,0.0,15251.0,18.32,200-300,42-90日
2211,backup_v3,20230823,68.4,20231121,75.8,90,+10.38%,"NT$+8,643",到期,,v3,90天+6個持倉_全週期,68.4,20230823,2211,backup_v3,-6.884422110552764,0.0,64.96,5.295566502463074,0.0,8643.0,10.38,50-100,42-90日
6789,main,20231206,305.0,20231219,277.5,13,-9.46%,"NT$-7,858",停損,,v3,90天+6個持倉_全週期,305.0,20231206,6789,main,0.0,0.0,0.0,0.0,0.0,-7858.0,-9.46,300-500,7-14日
2233,backup_v3,20231108,141.0,20240112,131.0,65,-7.53%,"NT$-6,277",停損,,v3,90天+6個持倉_全週期,141.0,20231108,2233,backup_v3,-6.674065168470052,0.0,137.825,2.30364592780701,0.0,-6277.0,-7.53,100-200,42-90日
2347,backup_v3,20231108,68.8,20240206,71.5,90,+3.48%,"NT$+2,900",到期,,v3,90天+6個持倉_全週期,68.8,20231108,2347,backup_v3,-5.911713618304151,0.0,67.85,1.4001473839351555,0.0,2900.0,3.48,50-100,42-90日
6462,main,20240306,293.5,20240307,265.5,1,-9.98%,"NT$-8,303",停損,,v3,90天+6個持倉_全週期,293.5,20240306,6462,main,0.0,0.0,0.0,0.0,0.0,-8303.0,-9.98,200-300,<7日
2609,backup_v3,20240110,48.8,20240318,45.15,68,-7.92%,"NT$-6,601",停損,,v3,90天+6個持倉_全週期,48.8,20240110,2609,backup_v3,-6.147890267280289,0.0,51.4775,-5.201301539507556,0.0,-6601.0,-7.92,<50,42-90日
2382,backup_v3,20240110,218.0,20240409,287.0,90,+31.21%,"NT$+25,958",到期,,v3,90天+6個持倉_全週期,218.0,20240110,2382,backup_v3,-6.910193923052992,0.0,212.75,2.4676850763807283,0.0,25958.0,31.21,200-300,42-90日
2603,backup_v3,20240110,148.0,20240409,171.0,90,+15.10%,"NT$+12,576",到期,,v3,90天+6個持倉_全週期,148.0,20240110,2603,backup_v3,-8.614853046440661,0.0,147.275,0.492276353759969,0.0,12576.0,15.1,100-200,42-90日
3231,backup_v3,20240131,114.5,20240430,113.5,90,-1.32%,"NT$-1,095",到期,,v3,90天+6個持倉_全週期,114.5,20240131,3231,backup_v3,-10.114534649742525,0.0,104.705,9.354854113939163,0.0,-1095.0,-1.32,100-200,42-90日
2404,main,20240424,412.5,20240508,383.0,14,-7.59%,"NT$-6,305",停損,,v3,90天+6個持倉_全週期,412.5,20240424,2404,main,0.0,0.0,0.0,0.0,0.0,-6305.0,-7.59,300-500,7-14日
2739,backup_v3,20240508,73.4,20240513,64.6,5,-12.43%,"NT$-10,353",停損,,v3,90天+6個持倉_全週期,73.4,20240508,2739,backup_v3,-23.33748098990737,0.0,59.205,23.97601553922812,0.0,-10353.0,-12.43,50-100,<7日
2745,backup_v3,20240508,125.0,20240523,111.0,15,-11.64%,"NT$-9,692",停損,,v3,90天+6個持倉_全週期,125.0,20240508,2745,backup_v3,-20.956138315154327,0.0,107.625,16.144018583042975,0.0,-9692.0,-11.64,100-200,14-30日
1216,backup_v3,20240320,76.5,20240618,81.5,90,+6.09%,"NT$+5,074",到期,,v3,90天+6個持倉_全週期,76.5,20240320,1216,backup_v3,-5.178712175730784,0.0,76.435,0.08503957611041764,0.0,5074.0,6.09,50-100,42-90日
1503,backup_v3,20240320,242.5,20240618,270.0,90,+10.90%,"NT$+9,077",到期,,v3,90天+6個持倉_全週期,242.5,20240320,1503,backup_v3,-8.563855523066243,0.0,189.2,28.171247357293876,0.0,9077.0,10.9,200-300,42-90日
2545,backup_v3,20240508,60.5,20240628,55.9,51,-8.05%,"NT$-6,703",停損,,v3,90天+6個持倉_全週期,60.5,20240508,2545,backup_v3,-7.267120498050852,0.0,55.0025,9.995000227262402,0.0,-6703.0,-8.05,50-100,42-90日
2467,backup_v3,20240703,206.0,20240729,184.5,26,-10.88%,"NT$-9,045",停損,,v3,90天+6個持倉_全週期,206.0,20240703,2467,backup_v3,-5.27982527982528,0.0,145.375,41.70249355116079,0.0,-9045.0,-10.88,200-300,14-30日
3003,backup_v3,20240508,78.0,20240805,71.7,89,-8.52%,"NT$-7,094",停損,,v3,90天+6個持倉_全週期,78.0,20240508,3003,backup_v3,-5.452515051466304,0.0,72.745,7.223864183105361,0.0,-7094.0,-8.52,50-100,42-90日
6231,main,20240619,398.0,20240805,347.5,47,-13.13%,"NT$-10,938",停損,,v3,90天+6個持倉_全週期,398.0,20240619,6231,main,0.0,0.0,0.0,0.0,0.0,-10938.0,-13.13,300-500,42-90日
1615,backup_v3,20240626,69.3,20240805,60.8,40,-12.71%,"NT$-10,583",停損,,v3,90天+6個持倉_全週期,69.3,20240626,1615,backup_v3,-6.446991404011461,0.0,70.28,-1.3944223107569778,0.0,-10583.0,-12.71,50-100,30-42日
2548,backup_v3,20240731,166.5,20240805,148.0,5,-11.55%,"NT$-9,613",停損,,v3,90天+6個持倉_全週期,166.5,20240731,2548,backup_v3,-6.102253985706432,0.0,154.8,7.558139534883714,0.0,-9613.0,-11.55,100-200,<7日
2597,backup_v3,20240807,205.0,20240814,154.0,7,-25.32%,"NT$-21,052",停損,,v3,90天+6個持倉_全週期,205.0,20240807,2597,backup_v3,-5.515565952852258,0.0,202.725,1.1222098902454092,0.0,-21052.0,-25.32,200-300,<7日
4562,backup_v3,20240814,79.4,20240821,73.6,7,-7.75%,"NT$-6,456",停損,,v3,90天+6個持倉_全週期,79.4,20240814,4562,backup_v3,-9.803232607167956,0.0,63.84,24.3734335839599,0.0,-6456.0,-7.75,50-100,<7日
4420,backup_v3,20240807,63.4,20240916,55.2,40,-13.38%,"NT$-11,142",停損,,v3,90天+6個持倉_全週期,63.4,20240807,4420,backup_v3,-6.545852210592094,0.0,60.175,5.3593685085168286,0.0,-11142.0,-13.38,50-100,30-42日
1442,backup_v3,20240626,60.3,20240924,65.2,90,+7.68%,"NT$+6,403",到期,,v3,90天+6個持倉_全週期,60.3,20240626,1442,backup_v3,-7.337714954533177,0.0,61.535,-2.0069878930689846,0.0,6403.0,7.68,50-100,42-90日
6546,backup_v3,20240904,176.0,20241016,158.0,42,-10.67%,"NT$-8,876",停損,,v3,90天+6個持倉_全週期,176.0,20240904,6546,backup_v3,-10.239023563315817,0.0,175.8,0.11376564277587521,0.0,-8876.0,-10.67,100-200,30-42日
6629,backup_v3,20240807,121.0,20241105,129.0,90,+6.17%,"NT$+5,135",到期,,v3,90天+6個持倉_全週期,121.0,20240807,6629,backup_v3,-15.148413510747186,0.0,116.5,3.862660944206009,0.0,5135.0,6.17,100-200,42-90日
2250,backup_v3,20240814,94.4,20241112,95.1,90,+0.30%,NT$+249,到期,,v3,90天+6個持倉_全週期,94.4,20240814,2250,backup_v3,-5.30579181855002,0.0,92.395,2.1700308458250013,0.0,249.0,0.3,50-100,42-90日
2354,backup_v3,20241030,80.6,20241231,74.4,62,-8.13%,"NT$-6,776",停損,,v3,90天+6個持倉_全週期,80.6,20241030,2354,backup_v3,-6.437897754522479,0.0,68.45,17.750182615047468,0.0,-6776.0,-8.13,50-100,42-90日
2049,backup_v3,20241030,236.5,20250128,293.0,90,+23.45%,"NT$+19,492",到期,,v3,90天+6個持倉_全週期,236.5,20241030,2049,backup_v3,-5.091922791912206,0.0,233.05,1.4803690195237025,0.0,19492.0,23.45,200-300,42-90日
3563,main,20250312,569.0,20250327,523.0,15,-8.53%,"NT$-7,094",停損,,v3,90天+6個持倉_全週期,569.0,20250312,3563,main,0.0,0.0,0.0,0.0,0.0,-7094.0,-8.53,500+,14-30日
7722,main,20250326,724.0,20250331,630.0,5,-13.43%,"NT$-11,097",停損,,v3,90天+6個持倉_全週期,724.0,20250326,7722,main,0.0,0.0,0.0,0.0,0.0,-11097.0,-13.43,500+,<7日
2468,backup_v3,20250416,63.9,20250417,58.3,1,-9.21%,"NT$-7,670",停損,,v3,90天+6個持倉_全週期,63.9,20250416,2468,backup_v3,-10.486891385767791,0.0,52.095,22.660524042614455,0.0,-7670.0,-9.21,50-100,<7日
2466,backup_v3,20250423,108.5,20250428,93.5,5,-14.27%,"NT$-11,875",停損,,v3,90天+6個持倉_全週期,108.5,20250423,2466,backup_v3,-7.058068655758742,0.0,88.245,22.953141821066342,0.0,-11875.0,-14.27,100-200,<7日
6865,backup_v3,20250423,82.8,20250505,75.8,12,-8.90%,"NT$-7,414",停損,,v3,90天+6個持倉_全週期,82.8,20250423,6865,backup_v3,-5.991440798858773,0.0,70.45,17.53016323633782,0.0,-7414.0,-8.9,50-100,7-14日
4949,backup_v3,20250430,58.3,20250505,51.2,5,-12.62%,"NT$-10,515",停損,,v3,90天+6個持倉_全週期,58.3,20250430,4949,backup_v3,-12.173324306025728,0.0,41.2475,41.34189950906114,0.0,-10515.0,-12.62,50-100,<7日
6752,backup_v3,20250507,189.5,20250515,172.5,8,-9.41%,"NT$-7,842",停損,,v3,90天+6個持倉_全週期,189.5,20250507,6752,backup_v3,-12.705272255834055,0.0,152.85,23.97775596990514,0.0,-7842.0,-9.41,100-200,7-14日
6680,backup_v3,20250430,79.3,20250529,0.0,29,-100.44%,"NT$-83,673",停損,,v3,90天+6個持倉_全週期,79.3,20250430,6680,backup_v3,-6.480648064806481,0.0,75.625,4.859504132231401,0.0,-83673.0,-100.44,50-100,14-30日
1583,backup_v3,20250528,59.5,20250707,55.2,40,-7.67%,"NT$-6,389",停損,,v3,90天+6個持倉_全週期,59.5,20250528,1583,backup_v3,-5.084745762711865,0.0,59.595,-0.15940934642167776,0.0,-6389.0,-7.67,50-100,30-42日
6023,backup_v3,20250416,80.6,20250715,82.8,90,+2.29%,"NT$+1,905",到期,,v3,90天+6個持倉_全週期,80.6,20250416,6023,backup_v3,-8.583716623857596,0.0,80.82,-0.27220984904726414,0.0,1905.0,2.29,50-100,42-90日
2756,backup_v3,20250507,96.0,20250805,118.0,90,+22.47%,"NT$+18,711",到期,,v3,90天+6個持倉_全週期,96.0,20250507,2756,backup_v3,-5.159842961301178,0.0,85.95,11.692844677137867,0.0,18711.0,22.47,50-100,42-90日
3323,backup_v3,20251001,51.8,20251007,46.4,6,-10.87%,"NT$-9,053",停損,,v3,90天+6個持倉_全週期,51.8,20251001,3323,backup_v3,-5.3549269782684785,0.0,48.86,6.01719197707736,0.0,-9053.0,-10.87,50-100,<7日
5536,main,20250723,494.5,20251021,802.0,90,+61.74%,"NT$+51,365",到期,,v3,90天+6個持倉_全週期,494.5,20250723,5536,main,0.0,0.0,0.0,0.0,0.0,51365.0,61.74,300-500,42-90日
3528,backup_v3,20251008,74.4,20251114,68.2,37,-8.78%,"NT$-7,310",停損,,v3,90天+6個持倉_全週期,74.4,20251008,3528,backup_v3,-6.036602021305654,0.0,72.43,2.719867458235536,0.0,-7310.0,-8.78,50-100,30-42日
1504,backup_v3,20251001,104.5,20251117,96.6,47,-8.00%,"NT$-6,666",停損,,v3,90天+6個持倉_全週期,104.5,20251001,1504,backup_v3,-7.9603825524306835,0.0,86.18,21.25783244372243,0.0,-6666.0,-8.0,100-200,42-90日
